sample_id,bary_sift_cutoff_0_total,bary_sift_cutoff_0_algo1,bary_sift_cutoff_0_algo2,sift_bary_cutoff_0_total,sift_bary_cutoff_0_algo1,sift_bary_cutoff_0_algo2,permu_sift_cutoff_0_total,permu_sift_cutoff_0_algo1,permu_sift_cutoff_0_algo2,permu_bary_cutoff_0_total,permu_bary_cutoff_0_algo1,permu_bary_cutoff_0_algo2,bary_sift_cutoff_1_total,bary_sift_cutoff_1_algo1,bary_sift_cutoff_1_algo2,sift_bary_cutoff_1_total,sift_bary_cutoff_1_algo1,sift_bary_cutoff_1_algo2,permu_sift_cutoff_1_total,permu_sift_cutoff_1_algo1,permu_sift_cutoff_1_algo2,permu_bary_cutoff_1_total,permu_bary_cutoff_1_algo1,permu_bary_cutoff_1_algo2,bary_sift_cutoff_2_total,bary_sift_cutoff_2_algo1,bary_sift_cutoff_2_algo2,sift_bary_cutoff_2_total,sift_bary_cutoff_2_algo1,sift_bary_cutoff_2_algo2,permu_sift_cutoff_2_total,permu_sift_cutoff_2_algo1,permu_sift_cutoff_2_algo2,permu_bary_cutoff_2_total,permu_bary_cutoff_2_algo1,permu_bary_cutoff_2_algo2,bary_sift_cutoff_3_total,bary_sift_cutoff_3_algo1,bary_sift_cutoff_3_algo2,sift_bary_cutoff_3_total,sift_bary_cutoff_3_algo1,sift_bary_cutoff_3_algo2,permu_sift_cutoff_3_total,permu_sift_cutoff_3_algo1,permu_sift_cutoff_3_algo2,permu_bary_cutoff_3_total,permu_bary_cutoff_3_algo1,permu_bary_cutoff_3_algo2,bary_sift_cutoff_4_total,bary_sift_cutoff_4_algo1,bary_sift_cutoff_4_algo2,sift_bary_cutoff_4_total,sift_bary_cutoff_4_algo1,sift_bary_cutoff_4_algo2,permu_sift_cutoff_4_total,permu_sift_cutoff_4_algo1,permu_sift_cutoff_4_algo2,permu_bary_cutoff_4_total,permu_bary_cutoff_4_algo1,permu_bary_cutoff_4_algo2,bary_sift_cutoff_5_total,bary_sift_cutoff_5_algo1,bary_sift_cutoff_5_algo2,sift_bary_cutoff_5_total,sift_bary_cutoff_5_algo1,sift_bary_cutoff_5_algo2,permu_sift_cutoff_5_total,permu_sift_cutoff_5_algo1,permu_sift_cutoff_5_algo2,permu_bary_cutoff_5_total,permu_bary_cutoff_5_algo1,permu_bary_cutoff_5_algo2,bary_sift_cutoff_6_total,bary_sift_cutoff_6_algo1,bary_sift_cutoff_6_algo2,sift_bary_cutoff_6_total,sift_bary_cutoff_6_algo1,sift_bary_cutoff_6_algo2,permu_sift_cutoff_6_total,permu_sift_cutoff_6_algo1,permu_sift_cutoff_6_algo2,permu_bary_cutoff_6_total,permu_bary_cutoff_6_algo1,permu_bary_cutoff_6_algo2,bary_sift_cutoff_7_total,bary_sift_cutoff_7_algo1,bary_sift_cutoff_7_algo2,sift_bary_cutoff_7_total,sift_bary_cutoff_7_algo1,sift_bary_cutoff_7_algo2,permu_sift_cutoff_7_total,permu_sift_cutoff_7_algo1,permu_sift_cutoff_7_algo2,permu_bary_cutoff_7_total,permu_bary_cutoff_7_algo1,permu_bary_cutoff_7_algo2,bary_sift_cutoff_8_total,bary_sift_cutoff_8_algo1,bary_sift_cutoff_8_algo2,sift_bary_cutoff_8_total,sift_bary_cutoff_8_algo1,sift_bary_cutoff_8_algo2,permu_sift_cutoff_8_total,permu_sift_cutoff_8_algo1,permu_sift_cutoff_8_algo2,permu_bary_cutoff_8_total,permu_bary_cutoff_8_algo1,permu_bary_cutoff_8_algo2,bary_sift_cutoff_9_total,bary_sift_cutoff_9_algo1,bary_sift_cutoff_9_algo2,sift_bary_cutoff_9_total,sift_bary_cutoff_9_algo1,sift_bary_cutoff_9_algo2,permu_sift_cutoff_9_total,permu_sift_cutoff_9_algo1,permu_sift_cutoff_9_algo2,permu_bary_cutoff_9_total,permu_bary_cutoff_9_algo1,permu_bary_cutoff_9_algo2
0,0.14013759995577857,9.00006853044033e-07,0.1401361000025645,0.011596700001973659,3.00002284348011e-07,0.011595899995882064,0.15953359997365624,4.00003045797348e-07,0.15953279996756464,0.009838400001171976,4.00003045797348e-07,0.009837599995080382,0.15296460001263767,0.008306999981869012,0.14465670002391562,0.030627999978605658,0.0204521999694407,0.010175300005357713,0.2299390000407584,0.09131670003989711,0.1386218999978155,0.06458000000566244,0.05608449998544529,0.008495100017171353,0.13650520000373945,0.007363000011537224,0.12914189998991787,0.05267539998749271,0.039147500006947666,0.013527299975976348,0.29367879999335855,0.17179789999499917,0.12188049999531358,0.12449200003175065,0.11616169998887926,0.008329800039064139,0.12007659999653697,0.019428499974310398,0.10064770001918077,0.0725343999802135,0.06342299998505041,0.009110899991355836,0.38057759997900575,0.24937599996337667,0.13120110001182184,0.18326759996125475,0.17552659998182207,0.007740499975625426,0.1127373999916017,0.008323299989569932,0.10441369999898598,0.07314410002436489,0.06363180000334978,0.009511700016446412,0.32649940002011135,0.26779549999628216,0.058703400020021945,0.23482599999988452,0.22748929995577782,0.007336200040299445,0.08495640003820881,0.009053600020706654,0.07590240001445636,0.10057329997653142,0.08845979999750853,0.012112799973692745,0.32544819999020547,0.280937300005462,0.04451029998017475,0.30590209999354556,0.297293699986767,0.008607800002209842,0.06406509998487309,0.009624099999200553,0.05444049998186529,0.10651599999982864,0.09609669999917969,0.010418399993795902,0.37190510000800714,0.33153440000023693,0.04036939999787137,0.3465337000088766,0.33990770002128556,0.006624500034376979,0.0625006000045687,0.012096100021153688,0.05040409998036921,0.13474730000598356,0.12650020001456141,0.008246199984569103,0.4257789000403136,0.4007187000242993,0.02505860000383109,0.46593500004382804,0.45960560004459694,0.006327900046017021,0.03254210000159219,0.0110259999637492,0.02151580003555864,0.1422004000050947,0.13521679997211322,0.006982400023844093,0.4754789999569766,0.460465399955865,0.015012199990451336,0.46084889996564016,0.45489339996129274,0.005954299995210022,0.011568499961867929,0.011567799956537783,4.00003045797348e-07,0.15850220003630966,0.15850000001955777,1.200009137392044e-06,0.5076204999932088,0.507618099974934,1.100008375942707e-06,0.517358899989631,0.5173564999713562,1.00000761449337e-06
1,0.16484899999340996,7.00005330145359e-07,0.16484769998351112,0.011479999986477196,3.00002284348011e-07,0.011479099979624152,0.1585505999973975,4.00003045797348e-07,0.15854989999206737,0.009576699987519532,2.9994407668709755e-07,0.009575900039635599,0.14114619995234534,0.007847499975468963,0.13329789997078478,0.038925500004552305,0.028894799994304776,0.010030100005678833,0.2397865999955684,0.10072650003712624,0.13905969995539635,0.07244449999416247,0.06393559998832643,0.008508400002028793,0.15488289995118976,0.008275999978650361,0.14660639996873215,0.05537529999855906,0.04576649999944493,0.00960809999378398,0.2975107000092976,0.17101549997460097,0.12649470003088936,0.12525830004597083,0.11717889999272302,0.008078800048679113,0.11677840002812445,0.008362299995496869,0.10841580003034323,0.058292999980039895,0.04916120000416413,0.009131399972829968,0.3735930999973789,0.28059129999019206,0.09300130000337958,0.17813749995548278,0.17028289998415858,0.007854199968278408,0.10800860001472756,0.008776200003921986,0.09923200000775978,0.08334060001652688,0.07374520000303164,0.00959480000892654,0.28351360000669956,0.2209357999963686,0.06257720000576228,0.25034729996696115,0.2422321999911219,0.00811459997203201,0.09091530001023784,0.019645200052764267,0.07126960001187399,0.09734839998418465,0.08454720000736415,0.012800499971490353,0.3196585000259802,0.2719671000377275,0.047690799983683974,0.29846590000670403,0.29117819998646155,0.007287200016435236,0.0642500999965705,0.016674999962560833,0.04757460003020242,0.1030517999897711,0.09509660000912845,0.007953999971505255,0.38298769999528304,0.3465878000133671,0.03639830002794042,0.36767859995597973,0.36047359998337924,0.0072033999604173005,0.05039369995938614,0.010034199978690594,0.0403591999784112,0.11678329994902015,0.10875699995085597,0.008025299990549684,0.41673469997476786,0.38875959999859333,0.027973599964752793,0.42775149998487905,0.4214560999535024,0.00629390001995489,0.033196000033058226,0.01269000000320375,0.02050560002680868,0.14250189997255802,0.13555980002274737,0.0069407999981194735,0.4615320000448264,0.4462758000008762,0.01525480003328994,0.45277119998354465,0.44628789997659624,0.006482199998572469,0.030905599996913224,0.03090479999082163,3.00002284348011e-07,0.15351519995601848,0.1535137000028044,6.00004568696022e-07,0.5058840999845415,0.5058822999708354,8.00006091594696e-07,0.5270515999873169,0.5270489000249654,1.2999516911804676e-06
2,0.15701530000660568,8.00006091594696e-07,0.15701359999366105,0.016336600005161017,3.00002284348011e-07,0.016335899999830872,0.1147554999915883,3.00002284348011e-07,0.1147546999854967,0.008740700024645776,4.00003045797348e-07,0.008739800017792732,0.16699270001845434,0.012267399986740202,0.1547240000218153,0.04319910000776872,0.021202700037974864,0.02199599996674806,0.1661862000473775,0.07131090003531426,0.09487460000673309,0.07186480000382289,0.06298849999438971,0.008875900006387383,0.13961579999886453,0.01714959996752441,0.12246580002829432,0.05968389997724444,0.0501317999442108,0.009551600029226393,0.21925070002907887,0.12337200000183657,0.0958781000226736,0.1293386000324972,0.12112670001806691,0.008211400010623038,0.111025599995628,0.008230999985244125,0.10279420000733808,0.06940169999143109,0.06023190001724288,0.009169199969619513,0.25753409997560084,0.17854449996957555,0.07898900000145659,0.1871345000108704,0.17920600000070408,0.00792800000635907,0.10008830000879243,0.009049899992533028,0.09103790001245216,0.08547519997227937,0.0758973999763839,0.009577299992088228,0.32594259997131303,0.2631485000019893,0.06279359996551648,0.26818839996121824,0.2574198999791406,0.010767999978270382,0.09727529995143414,0.01000670000212267,0.08726820000447333,0.08598189998883754,0.07869890000438318,0.007282299979124218,0.40118700003949925,0.34856230003060773,0.05262410000432283,0.35511040000710636,0.34772660001181066,0.007383199990727007,0.06329620000906289,0.009946600010152906,0.05334919999586418,0.08287530002417043,0.07534450001548976,0.007529599999543279,0.4452939000329934,0.40369400003692135,0.04159869998693466,0.41813760000513867,0.41053509997436777,0.007601000019349158,0.051902800041716546,0.011012100032530725,0.04089040000690147,0.09724229999119416,0.08944770001107827,0.007793100026901811,0.4804108999669552,0.45187509997049347,0.028534599987324327,0.4870385999674909,0.479962199984584,0.007074899971485138,0.04536409996217117,0.028389499988406897,0.016974299971479923,0.13035920000402257,0.12296150001930073,0.007396399974822998,0.5388771999860182,0.5239052000106312,0.014970599964726716,0.5476694999961182,0.5416955999680795,0.005972800019662827,0.010261400020681322,0.010260800016112626,3.00002284348011e-07,0.11677109997253865,0.11676909995730966,7.00005330145359e-07,0.5679137000115588,0.5679109000484459,1.300009898841381e-06,0.5877697000396438,0.5877680000266992,8.00006091594696e-07
3,0.11637609999161214,8.00006091594696e-07,0.1163745999801904,0.011959100025705993,3.00002284348011e-07,0.01195820001885295,0.11060850002104416,3.00002284348011e-07,0.11060760001419112,0.013937000010628253,4.00003045797348e-07,0.013936300005298108,0.10796310001751408,0.006381499988492578,0.10158060002140701,0.02725539996754378,0.017918199999257922,0.009336399962194264,0.1587998000322841,0.05830140004400164,0.10049780004192144,0.09295209997799248,0.07572570000775158,0.017226099967956543,0.09665540000423789,0.006908499985001981,0.08974650001619011,0.04155409999657422,0.03231270000105724,0.00924079999094829,0.2154844999895431,0.12153819995000958,0.09394580003572628,0.15952360001392663,0.14735580002889037,0.012167399981990457,0.09007340000243858,0.007603600039146841,0.08246939996024594,0.049038700002711266,0.040260399982798845,0.008777700015343726,0.2520677999709733,0.1747775999829173,0.07728959998348728,0.22722599998814985,0.2177942999987863,0.009431099984794855,0.0731056000222452,0.010233799985144287,0.06287130003329366,0.058030800020787865,0.049427099991589785,0.008602700021583587,0.2934902999550104,0.22892709996085614,0.06456249998882413,0.30374629999278113,0.29483869997784495,0.008907200011890382,0.056245599989779294,0.007894599984865636,0.04835060000186786,0.07501390000106767,0.06735969998408109,0.007653600012417883,0.3302560999873094,0.2809387000161223,0.04931679996661842,0.38910849997773767,0.36608210002304986,0.023025899950880557,0.0501957000233233,0.008402000006753951,0.04179330001352355,0.07918859994970262,0.07198869995772839,0.007197999977506697,0.4119195000384934,0.3456047000363469,0.06631400005426258,0.4580998999881558,0.4498145999968983,0.008284300041850656,0.0379881999688223,0.009277599980123341,0.028710199985653162,0.10874259995762259,0.10212809999939054,0.006613100005779415,0.5998515000101179,0.5627278999891132,0.037122500012628734,0.5613162000081502,0.5531757000135258,0.008139099983964115,0.024867700005415827,0.009224899986293167,0.015642400016076863,0.1123712999979034,0.10573660000227392,0.006633499986492097,0.6591141999815591,0.6413223999552429,0.017790700017940253,0.621817999985069,0.6150183999561705,0.006798800022806972,0.010728500026743859,0.010727600019890815,4.00003045797348e-07,0.11671360000036657,0.11671139998361468,1.00000761449337e-06,0.680327899986878,0.6803259000298567,1.00000761449337e-06,0.7098627999657765,0.7098609000095166,8.00006091594696e-07
4,0.12085690000094473,8.00006091594696e-07,0.12085529998876154,0.01005699997767806,2.9994407668709755e-07,0.010056100029032677,0.11233879998326302,1.1499971151351929e-05,0.11232670000754297,0.01934970001457259,3.00002284348011e-07,0.019349000009242445,0.10007469996344298,0.006838599976617843,0.09323469997616485,0.030859199992846698,0.02119010000023991,0.009668299986515194,0.16235060000326484,0.06205800001043826,0.10029219998978078,0.085577399993781,0.07450960000278428,0.011067299987189472,0.09054860001197085,0.007511100033298135,0.08303699997486547,0.038237800006754696,0.028556099976412952,0.009681100025773048,0.20403790002455935,0.122618000023067,0.08141929999692366,0.17101359996013343,0.15969579998636618,0.011317199969198555,0.08274009998422116,0.006912000011652708,0.07582769996952266,0.04682750004576519,0.038659000012557954,0.008168000029399991,0.263171800004784,0.19155059999320656,0.07162070000777021,0.2153445000294596,0.20644229999743402,0.008901900029741228,0.07695570000214502,0.01092680002329871,0.06602849997580051,0.06120190001092851,0.050948900054208934,0.010252300009597093,0.3796788000036031,0.29119930003071204,0.08847899996908382,0.3031926999683492,0.29387240001233295,0.009319799952208996,0.05846219998784363,0.007992400031071156,0.05046949995448813,0.07762799999909475,0.06980499997735023,0.007822300016414374,0.49746559996856377,0.43994569999631494,0.057519399968441576,0.40002659999299794,0.39192339999135584,0.008102599997073412,0.05148439999902621,0.01140240003587678,0.04008150001754984,0.0889100999920629,0.08094519999576733,0.007963399984873831,0.5310177999781445,0.48274820001097396,0.048268399958033115,0.4511258999700658,0.44339239998953417,0.007732299971394241,0.03660300001502037,0.008822000003419816,0.027780400007031858,0.09269489999860525,0.08637299999827519,0.006320799991954118,0.5659056999720633,0.5264254999929108,0.039479299972299486,0.5176373000140302,0.510447499982547,0.007188700023107231,0.02593410003464669,0.009544900036416948,0.016388699994422495,0.1029217999894172,0.09718320000683889,0.005737199971918017,0.687807000009343,0.66299770004116,0.024808500020299107,0.6586042999988422,0.6518005999969319,0.006802799995057285,0.010006600001361221,0.010005799995269626,4.00003045797348e-07,0.11180899996543303,0.1118068000068888,9.00006853044033e-07,0.7059161000070162,0.7059141999925487,1.100008375942707e-06,0.6986494000302628,0.6986477000173181,6.00004568696022e-07
5,0.15534629998728633,8.999486453831196e-07,0.15534440003102645,0.011408900027163327,3.00002284348011e-07,0.011408100021071732,0.14820469997357577,2.00001522898674e-07,0.14820399996824563,0.011569200025405735,3.00002284348011e-07,0.01156850002007559,0.134351400018204,0.009734700026456267,0.12461579998489469,0.03977700002724305,0.01864620001288131,0.021130100009031594,0.2238006999832578,0.08029129996430129,0.14350890001514927,0.10561080003390089,0.08465170004637912,0.02095870004268363,0.13897709996672347,0.00791619997471571,0.13106059998972341,0.056107799988240004,0.030973899993114173,0.025133299990557134,0.29198119998909533,0.16908490000059828,0.12289589998545125,0.14239719999022782,0.13199560000794008,0.01040089997695759,0.1187882000231184,0.010727500019129366,0.10806040000170469,0.06131580000510439,0.0494557999772951,0.011859600024763495,0.38446099997963756,0.2583867000066675,0.1260735999676399,0.2297891000052914,0.21981879998929799,0.009969900012947619,0.0993021999602206,0.014561399992089719,0.08474039996508509,0.10389729996677488,0.09174479998182505,0.01215199998114258,0.4256689000176266,0.34395110001787543,0.0817172999959439,0.3189474000246264,0.3094919999712147,0.009454900049604475,0.097496299946215,0.009552999981679022,0.08794289996149018,0.1043249000213109,0.09194660000503063,0.012377700011711568,0.4499286999925971,0.3814528999500908,0.06847530003869906,0.394680299970787,0.38570220000110567,0.008977599965874106,0.07502250000834465,0.009688500023912638,0.06533359998138621,0.1019969999906607,0.09326739999232814,0.008727900043595582,0.5387834999710321,0.46925139997620136,0.06953039998188615,0.4892410999746062,0.47992180002620444,0.00931789999594912,0.06424089998472482,0.011736999964341521,0.05250340001657605,0.14113760000327602,0.1338629000238143,0.007273399969562888,0.5881255999556743,0.5518689999589697,0.036255399987567216,0.5202653000014834,0.5125115000410005,0.007752399949822575,0.033283299999311566,0.010379700048360974,0.022903199947904795,0.13289649999933317,0.12516520003555343,0.007729899953119457,0.6054119999753311,0.5875285999500193,0.017882200016174465,0.5881066999863833,0.5815844999742694,0.006521100003737956,0.010851399973034859,0.010850599966943264,3.00002284348011e-07,0.1339404999744147,0.13393849995918572,8.00006091594696e-07,0.6719900000025518,0.671987599984277,1.100008375942707e-06,0.6746077999705449,0.674605900014285,1.00000761449337e-06
6,0.18447430001106113,8.00006091594696e-07,0.18447290000040084,0.011038199998438358,4.00003045797348e-07,0.011037399992346764,0.17301490000681952,4.00003045797348e-07,0.17301410000072792,0.010863700008485466,4.00003045797348e-07,0.010862900002393872,0.15837989997817203,0.008041599998250604,0.15033689996926114,0.037012699991464615,0.026860799989663064,0.010151299997232854,0.2245454000076279,0.08627520001027733,0.13826969999354333,0.09002340002916753,0.06998290005140007,0.02003999997396022,0.13193899998441339,0.007882500009145588,0.124056099972222,0.05303060001460835,0.035429100040346384,0.017600999970454723,0.3133155000396073,0.17017100000521168,0.1431441000313498,0.16223159997025505,0.15241209999658167,0.009819099970627576,0.11458210001001135,0.00825559999793768,0.10632610000902787,0.07021500001428649,0.06044339999789372,0.00977110001258552,0.40411220001988113,0.2901956000132486,0.11391610000282526,0.2508158999844454,0.24135050002951175,0.009465000010095537,0.11888260004343465,0.008776300004683435,0.11010590003570542,0.088399899948854,0.07818109996151179,0.010218299983534962,0.38053830002900213,0.29687380004907027,0.08366400003433228,0.305150100030005,0.2951871000113897,0.009962500014808029,0.08586629998171702,0.01253150001866743,0.0733345000189729,0.10101089999079704,0.09271400002762675,0.008296499960124493,0.4520596000365913,0.3842003000318073,0.06785880000097677,0.39151759998640046,0.37207979999948293,0.01943729998311028,0.0774869000306353,0.009697900037281215,0.06778869999106973,0.09828779997769743,0.08994069998152554,0.008346199989318848,0.5048068999894895,0.45409459999063984,0.05071109998971224,0.4507240999955684,0.4417564999894239,0.008966399997007102,0.053481999959331006,0.012942000001203269,0.04053969995584339,0.11441950005246326,0.10696699999971315,0.007451200042851269,0.5340779999969527,0.498161900031846,0.035915000014938414,0.5292778000002727,0.5220259000197984,0.007250699971336871,0.04378160001942888,0.010639199987053871,0.03314200002932921,0.14260940003441647,0.13366200000746176,0.008946500020101666,0.6103278999798931,0.5896655999822542,0.020661399990785867,0.6166368999984115,0.5942367999814451,0.022399300010874867,0.010985700006131083,0.010985100001562387,2.00001522898674e-07,0.15374099998734891,0.15373889997135848,1.200009137392044e-06,0.6574451000196859,0.6574432000052184,1.00000761449337e-06,0.648312299977988,0.6483104999642819,9.00006853044033e-07
7,0.169099599996116,8.00006091594696e-07,0.16909799998393282,0.011684600031003356,5.00003807246685e-07,0.011683700024150312,0.1634279999998398,3.00002284348011e-07,0.16342729999450967,0.012973999953828752,3.00002284348011e-07,0.012973399949260056,0.17558769998140633,0.022656399989500642,0.15292979998048395,0.039705000002868474,0.0295800999738276,0.010124400025233626,0.23029669997049496,0.07726029999321327,0.15303589997347444,0.08859410003060475,0.07862590003060177,0.009967799996957183,0.1459379000007175,0.02300950000062585,0.1229280000552535,0.06631350005045533,0.05329930002335459,0.013013600022532046,0.3171126000233926,0.17726490000495687,0.13984730001538992,0.167598900035955,0.15809670003363863,0.0095017000567168,0.09701240004505962,0.008401600003708154,0.08861050003906712,0.06232420000014827,0.053041000035591424,0.009282499959226698,0.38541569997323677,0.2682624000008218,0.11715289996936917,0.23159370000939816,0.22246229997836053,0.009130600024946034,0.09503219998441637,0.009828199981711805,0.08520359999965876,0.091236200009007,0.08190049999393523,0.009335200011264533,0.42125159996794537,0.33087619999423623,0.09037499997066334,0.3100529999937862,0.3011899999692105,0.008862600021529943,0.08837770001264289,0.007515700010117143,0.0808614999987185,0.0938937000464648,0.08116640005027875,0.012726700049825013,0.44647530000656843,0.38552219996927306,0.060952700034249574,0.39103589998558164,0.3818992999731563,0.009136200009379536,0.0763685000129044,0.015069900022353977,0.06129829998826608,0.1378510000067763,0.1298704000073485,0.007979599991813302,0.5046031000092626,0.4559970999835059,0.048604800016619265,0.4871370999608189,0.4761119000031613,0.011023800005204976,0.060789600014686584,0.024455100006889552,0.036334100004751235,0.14202919998206198,0.13261500000953674,0.00941280002007261,0.5863322999794036,0.5547114000073634,0.031619799963664263,0.5697024000110105,0.5503332000225782,0.019368100038263947,0.0289298000279814,0.01064079999923706,0.018288600025698543,0.1457384999957867,0.13876040000468493,0.006977099983487278,0.645214100019075,0.6263846000074409,0.01882840000325814,0.6336224999977276,0.6268280000076629,0.006793899985495955,0.014954100013710558,0.014953200006857514,4.00003045797348e-07,0.1537545000319369,0.15375210001366213,9.00006853044033e-07,0.7261639999924228,0.7261623999802396,9.00006853044033e-07,0.6798408999457024,0.6798389999894425,9.999494068324566e-07
8,0.14837750000879169,1.100008375942707e-06,0.14837539999280125,0.013652299996465445,4.00003045797348e-07,0.01365149999037385,0.15534769999794662,3.00002284348011e-07,0.15534699999261647,0.015603300009388477,3.00002284348011e-07,0.015602600004058331,0.1056080000125803,0.007161699992138892,0.09844540001358837,0.03437620005570352,0.02422260004095733,0.010153000010177493,0.22270559996832162,0.07982889999402687,0.1428763999720104,0.09282929997425526,0.08295760001055896,0.009871299960650504,0.10743440000806004,0.008026800001971424,0.09940720000304282,0.06995979999192059,0.05963810003595427,0.01032100000884384,0.3202690000180155,0.19651350000640377,0.12375500000780448,0.17314640001859516,0.1614611999830231,0.011684700031764805,0.12538370001129806,0.009608799999114126,0.11577460000989959,0.06410979997599497,0.053259900014381856,0.010849399957805872,0.36012319999281317,0.27213019999908283,0.08799249998992309,0.2680852999910712,0.25914739997824654,0.008937400009017438,0.10606159997405484,0.009650599968153983,0.09641040000133216,0.08224120002705604,0.0734280000324361,0.008812699990812689,0.4453724999912083,0.3669478999800049,0.07842420000815764,0.3331921999924816,0.3247047999757342,0.008486800012178719,0.09603839996270835,0.009658199967816472,0.08637989999260753,0.10795079998206347,0.09788710001157597,0.01006310002412647,0.48151099996175617,0.41714669996872544,0.06436399999074638,0.4373251999495551,0.42104549997020513,0.016279299976304173,0.06150569999590516,0.010010700032580644,0.05149459996027872,0.13426280004205182,0.12351539998780936,0.010746500047389418,0.565046000003349,0.5224397999700159,0.04260540002724156,0.510587900003884,0.5023310999968089,0.008255799999460578,0.05865989997982979,0.02237660001264885,0.03628299996489659,0.13352020003367215,0.12575780000770465,0.007761600019875914,0.5871987999998964,0.5423773999791592,0.044820600014645606,0.5695876000099815,0.5602344000362791,0.009352399967610836,0.03233429999090731,0.01098750001983717,0.021346499968785793,0.14054399996530265,0.13384289998793975,0.006699999968986958,0.6769795000436716,0.6494546000030823,0.02752400003373623,0.6392746999626979,0.632489199982956,0.006784599972888827,0.013866599998436868,0.013865899993106723,3.00002284348011e-07,0.15637139999307692,0.15636910003377125,1.100008375942707e-06,0.6824679999845102,0.6824659999692813,9.00006853044033e-07,0.6851491999696009,0.6851473999558948,8.00006091594696e-07
9,0.15590489999158308,6.00004568696022e-07,0.15590359998168424,0.03159919998142868,6.00004568696022e-07,0.03159819997381419,0.16838109999662265,3.00002284348011e-07,0.1683803999912925,0.011263900029007345,3.00002284348011e-07,0.0112632000236772,0.14581339998403564,0.007574799994472414,0.13823799998499453,0.03215679997811094,0.020400599983986467,0.011755699990317225,0.22617079998599365,0.08690709999063984,0.13926319999154657,0.0899576999945566,0.07807089999550954,0.011886199994478375,0.1502362000173889,0.014916300016921014,0.1353194999974221,0.056012499961070716,0.04647019994445145,0.009541700012050569,0.3120111000025645,0.1928475999739021,0.11916310002561659,0.1926872000331059,0.17633990000467747,0.016346900025382638,0.10807429999113083,0.008783800003584474,0.09929009998450056,0.08022489998256788,0.07097930001327768,0.00924509996548295,0.37351499998476356,0.2657154999906197,0.1077987999888137,0.24493600003188476,0.23586340004112571,0.009072199987713248,0.09882569999899715,0.00880520005011931,0.09002009994583204,0.07859419996384531,0.06981169997015968,0.008781599986832589,0.4208159999689087,0.3488062000251375,0.07200929999817163,0.32453579996945336,0.3159758999827318,0.008559599984437227,0.0767970000160858,0.009191399964038283,0.06760530004976317,0.09752609999850392,0.0872084999573417,0.010317000036593527,0.4613159999717027,0.4015242999885231,0.05979119997937232,0.3892834999714978,0.38091399997938424,0.008368899987544864,0.07577880000462756,0.009153600025456399,0.06662479997612536,0.10890510003082454,0.09326930000679567,0.015635000017937273,0.5481175999739207,0.49873849999858066,0.049378200026694685,0.5144958000164479,0.5038727999781258,0.010621900029946119,0.04817919997731224,0.009572000009939075,0.038606800022535026,0.12829249998321757,0.12086379999527708,0.007427699980325997,0.5790321999811567,0.5402463999926113,0.038784799980930984,0.5718240999849513,0.563078300037887,0.008744999999180436,0.03400099999271333,0.010978100006468594,0.02302249998319894,0.1365360000054352,0.12959299999056384,0.006942100008018315,0.6264134999946691,0.605745000008028,0.020667599979788065,0.635406100016553,0.628549600020051,0.006855799991171807,0.012232900015078485,0.012232300010509789,3.00002284348011e-07,0.14415960002224892,0.14415720000397414,1.100008375942707e-06,0.7192931000026874,0.7192915999912657,8.00006091594696e-07,0.6936898999847472,0.6936878999695182,1.00000761449337e-06
10,0.15437140001449734,6.00004568696022e-07,0.1543703000061214,0.01253589999396354,3.00002284348011e-07,0.012534999987110496,0.1772624999866821,4.00003045797348e-07,0.1772616999805905,0.01276559999678284,4.00003045797348e-07,0.012764799990691245,0.17469449999043718,0.007414199993945658,0.16727949999039993,0.032981500029563904,0.02200510003603995,0.01097579998895526,0.2536864999565296,0.09214339999016374,0.1615425999625586,0.10812450002413243,0.08961640001507476,0.018507800006773323,0.161693700007163,0.00785410002572462,0.15383929997915402,0.07065499998861924,0.04449010000098497,0.026164499984588474,0.31647529994370416,0.16521829995326698,0.15125649998662993,0.16022329998668283,0.14969990000827238,0.010522800032049417,0.12797440000576898,0.009204600006341934,0.11876939999638125,0.07241989998146892,0.06316499999957159,0.009254499978851527,0.40451999998185784,0.2972652000025846,0.10725439997622743,0.22892680001677945,0.21985619998304173,0.009070200030691922,0.08467599999858066,0.00913560000481084,0.07553999999072403,0.09147500002291054,0.08271510002668947,0.008759399992413819,0.3931002000463195,0.32070520002162084,0.07239440002012998,0.34657970000989735,0.337413800007198,0.009165399998892099,0.10467229998903349,0.012468000000808388,0.0922038999851793,0.10733049997361377,0.09910829999716952,0.008221699972636998,0.444896399974823,0.3809503999655135,0.06394550000550225,0.4167996000032872,0.39814250002382323,0.01865660003386438,0.06486230000155047,0.015141599986236542,0.049720300012268126,0.10559859999921173,0.09781659999862313,0.0077806999906897545,0.543813600030262,0.4893529000109993,0.05445960001088679,0.46035539999138564,0.430798799963668,0.029555500019341707,0.05266350001329556,0.018472899973858148,0.034190200036391616,0.1364655999932438,0.12897339998744428,0.00749099999666214,0.592664199997671,0.5578213999979198,0.03484159999061376,0.5795374999870546,0.571807699976489,0.007728600001428276,0.028920700016897172,0.01162020000629127,0.017300200008321553,0.14333569997688755,0.1363250999711454,0.00700949999736622,0.6311379999970086,0.6087222000351176,0.022414500010199845,0.6508055999875069,0.6433751999866217,0.007429499994032085,0.03206449997378513,0.03206379996845499,3.00002284348011e-07,0.16304650000529364,0.16304509999463335,7.00005330145359e-07,0.6896875000093132,0.6896859000553377,7.00005330145359e-07,0.6800726000219584,0.6800711000105366,7.00005330145359e-07
11,0.1487963999970816,9.00006853044033e-07,0.14879469998413697,0.015033399977255613,3.00002284348011e-07,0.015032599971164018,0.17010809999192134,4.00003045797348e-07,0.1701073999865912,0.012433200026862323,4.00003045797348e-07,0.01243230002000928,0.13115999998990446,0.008912099990993738,0.12224689999129623,0.05164229997899383,0.02037959999870509,0.0312621999764815,0.24791469995398074,0.09636689996114,0.15154739998979494,0.09515339997597039,0.08130829996662214,0.013844600005540997,0.15074059995822608,0.009908200008794665,0.14083210000535473,0.04418750002514571,0.0333476000232622,0.01083939999807626,0.3074983999831602,0.17443879996426404,0.13305920001585037,0.16944560001138598,0.1589230999816209,0.010522100026719272,0.12964409997221082,0.009050900000147521,0.12059289996977895,0.07304499996826053,0.0628030999796465,0.010241399984806776,0.3972146000014618,0.28354030003538355,0.113673799962271,0.2808328999672085,0.2707850000006147,0.010047399962786585,0.12082300003385171,0.009674100030679256,0.11114850000012666,0.09581929998239502,0.08668950002174824,0.009129199956078082,0.4250268000178039,0.33564190001925454,0.08938429999398068,0.3441247000009753,0.3350851000286639,0.00903919996926561,0.09102450002683327,0.010846999997738749,0.08017710002604872,0.10741140000754967,0.09829459997126833,0.009116200031712651,0.48627930000657216,0.4113060999661684,0.0749669999931939,0.4026746000163257,0.3882661000243388,0.014408099988941103,0.0850625000311993,0.010279800044372678,0.07478239998454228,0.11477260000538081,0.10650110000278801,0.008270599995739758,0.5397556999814697,0.4891881999792531,0.050566399993840605,0.5312916999682784,0.5232781000086106,0.008012700011022389,0.04571079998277128,0.010630400036461651,0.03508009994402528,0.13423850003164262,0.12668440002016723,0.0075530000030994415,0.6182666999520734,0.5828082999796607,0.03545749996555969,0.6070024999789894,0.5993856000131927,0.007616099959705025,0.03890220000175759,0.011090100044384599,0.027811699954327196,0.14603070000885054,0.1324888999806717,0.013541000022087246,0.6620526000042446,0.6412812999915332,0.02077050000661984,0.6275896999868564,0.6208690999774262,0.006720000004861504,0.011542599997483194,0.011541899992153049,3.00002284348011e-07,0.157511199999135,0.157509500044398,9.00006853044033e-07,0.7383340999949723,0.7383324999827892,8.00006091594696e-07,0.7039769000257365,0.7039755000150762,7.00005330145359e-07
12,0.10491799999726936,4.00003045797348e-07,0.10491729999193922,0.010490799963008612,3.00002284348011e-07,0.010490099957678467,0.10746700002346188,4.00003045797348e-07,0.10746630001813173,0.008208499988541007,4.00003045797348e-07,0.008207799983210862,0.09854879998601973,0.0064093999681063,0.09213900001486763,0.025533500011079013,0.016720200015697628,0.008812699990812689,0.152109999966342,0.0598063999786973,0.09230309998383746,0.07239840005058795,0.06709450000198558,0.005303500045556575,0.08765210001729429,0.006730100023560226,0.08092159999068826,0.04168330004904419,0.028982000018004328,0.01270040002418682,0.19346939999377355,0.11546600004658103,0.07800300000235438,0.13705079996725544,0.1256013999809511,0.011448699980974197,0.07636429998092353,0.0067137000150978565,0.06965019996277988,0.056552299996837974,0.0471362000098452,0.009415199980139732,0.24886719998903573,0.16601439996156842,0.08285230002366006,0.17881640000268817,0.16979899996658787,0.0090170000330545,0.07116110000060871,0.007146400050260127,0.064014200004749,0.06029260001378134,0.05277940002270043,0.007512399984989315,0.3612429000204429,0.291809500020463,0.06943279999541119,0.2705409999471158,0.262006199976895,0.008534299966413528,0.05614410003181547,0.00871780002489686,0.04742570000234991,0.06909580004867166,0.06204420002177358,0.007050800020806491,0.358072999981232,0.3109293999732472,0.04714300000341609,0.33565349999116734,0.32752769999206066,0.008125299995299429,0.05006310000317171,0.009022600017488003,0.041039799980353564,0.08088439999846742,0.07377309998264536,0.007110000005923212,0.4025155999697745,0.36228949995711446,0.04022520000580698,0.38121140003204346,0.376988900010474,0.004222300020046532,0.033155999961309135,0.008528599981218576,0.02462699997704476,0.09757099999114871,0.08877600001869723,0.00879329995950684,0.3692480000318028,0.340408899995964,0.02883820002898574,0.43502400000579655,0.42768510000314564,0.00733839999884367,0.025007500022184104,0.009673700027633458,0.015333299990743399,0.10592459997860715,0.09753009997075424,0.008392899995669723,0.44500750000588596,0.42509869998320937,0.019908000016584992,0.5958265000372194,0.5834641000255942,0.012361600005533546,0.010553900036029518,0.010552900028415024,4.00003045797348e-07,0.11631040001520887,0.11630769999464974,1.00000761449337e-06,0.4657749999896623,0.4657728999736719,1.300009898841381e-06,0.608347799978219,0.608346699969843,5.00003807246685e-07
13,0.10935490002157167,3.00002284348011e-07,0.10935430001700297,0.009060800017323345,3.00002284348011e-07,0.0090601000119932,0.10743570001795888,4.00003045797348e-07,0.10743500001262873,0.010177600022871047,5.00003807246685e-07,0.010176700016018003,0.10452019999502227,0.006382599996868521,0.09813719999510795,0.02603010000893846,0.015957700030412525,0.010071699973195791,0.15058050001971424,0.05608300003223121,0.09449699998367578,0.06500669999513775,0.05591400002595037,0.009092099964618683,0.0920050999848172,0.007644099998287857,0.08436059998348355,0.03632569999899715,0.027156899974215776,0.00916810001945123,0.1970057000289671,0.11689750000368804,0.08010770002147183,0.15185280004516244,0.1405831000301987,0.011268400005064905,0.08978939999360591,0.007208600000012666,0.082580299989786,0.04777430003741756,0.0388946000020951,0.008878900029230863,0.3001753999851644,0.20936929999152198,0.09080559998983517,0.21427669998956844,0.20394769997801632,0.01032840000698343,0.06857030000537634,0.007524800021201372,0.06104499998036772,0.05829260003520176,0.05045490001793951,0.007837000011932105,0.36607960000401363,0.29927749995840713,0.06680160004179925,0.3051001999992877,0.29605760000413284,0.009041799989063293,0.05752170004416257,0.007766400056425482,0.04975490004289895,0.0723798000253737,0.06398939999053255,0.008389400027226657,0.33967220003250986,0.2846533000119962,0.05501810001442209,0.2965109999640845,0.29205150000052527,0.004459099960513413,0.05340490001253784,0.008647900016512722,0.04475640004966408,0.08196639997186139,0.07426480000140145,0.007700499962083995,0.40716529998462647,0.3617859000223689,0.0453783999546431,0.38873080001212656,0.3809666999732144,0.007763500034343451,0.03838879999238998,0.008361999993212521,0.03002639999613166,0.0951842000358738,0.08883920003427193,0.0063433999894186854,0.430698600015603,0.40330940001877025,0.027387799986172467,0.5321381999528967,0.5246889999834821,0.007448699965607375,0.02546299999812618,0.00881710002431646,0.016645499970763922,0.10530110000399873,0.09899870003573596,0.006301000015810132,0.49397310003405437,0.4759174000355415,0.01805479999165982,0.6213229999993928,0.6142580999876373,0.007064400007948279,0.00916390004567802,0.009163200040347874,3.00002284348011e-07,0.10632540000369772,0.10632329998770729,1.00000761449337e-06,0.5342822999809869,0.5342799999634735,8.00006091594696e-07,0.5625202999799512,0.5625194000313058,3.00002284348011e-07
14,0.1183860000455752,4.00003045797348e-07,0.11838530004024506,0.009614600043278188,3.00002284348011e-07,0.009614000038709491,0.11912030004896224,5.00003807246685e-07,0.11911930004134774,0.0058299999800510705,2.00001522898674e-07,0.005829500034451485,0.11810889997286722,0.006251299986615777,0.11185719998320565,0.025361900043208152,0.01637760002631694,0.008983800013083965,0.16621310001937672,0.05899699998553842,0.10721560003003106,0.08735549997072667,0.07799879997037351,0.009356099995784461,0.10803180001676083,0.01067190000321716,0.09735940000973642,0.03760159999364987,0.02887799998279661,0.008722900005523115,0.21201170003041625,0.1186895000282675,0.09332159999758005,0.12405490002129227,0.11413440003525466,0.009919699979946017,0.0901136000175029,0.007061099982820451,0.08305210003163666,0.049344300001394004,0.0415439999778755,0.007799700018949807,0.2586693000048399,0.17693399998825043,0.08173450001049787,0.20203340001171455,0.19338100001914427,0.008651699987240136,0.07378009997773916,0.007380999973975122,0.06639870000071824,0.06514560000505298,0.05715190002229065,0.007993000035639852,0.33257219998631626,0.2656600999762304,0.0669112000032328,0.2836094000376761,0.27470770000945777,0.008901000022888184,0.05482229997869581,0.008231599989812821,0.04659019998507574,0.07751869998173788,0.07041519996710122,0.00710280000930652,0.3417223999858834,0.2943951999768615,0.04732660000445321,0.33437709999270737,0.3249119999818504,0.00946450000628829,0.04543500003637746,0.008578800014220178,0.036855800019111484,0.09243199997581542,0.0856461999937892,0.006784499972127378,0.416650099970866,0.3811217999900691,0.03552749997470528,0.43885850004153326,0.4312116000219248,0.007646400015801191,0.035443499975372106,0.008825199969578534,0.026617800001986325,0.0956187000265345,0.08959500002674758,0.006022600049618632,0.44899200001964346,0.4229204999865033,0.02607060002628714,0.5602442999952473,0.5530848999624141,0.0071591000305488706,0.02466270001605153,0.009328400017693639,0.015333799994550645,0.09649319999152794,0.09060809999937192,0.005884199985302985,0.49105029995553195,0.476678799954243,0.014370199991390109,0.5648616999969818,0.559133299975656,0.00572790001751855,0.009701100003439933,0.009700499998871237,2.00001522898674e-07,0.12599049997515976,0.12598839995916933,9.00006853044033e-07,0.4639611000311561,0.46395960001973435,8.00006091594696e-07,0.5490592000423931,0.54905830003554,3.00002284348011e-07
15,0.13294959999620914,3.00002284348011e-07,0.13294899999164045,0.01502629998140037,3.00002284348011e-07,0.015025499975308776,0.12314169999444857,3.00002284348011e-07,0.12314099998911843,0.010523499979171902,4.00003045797348e-07,0.010522699973080307,0.13905900000827387,0.007929000013973564,0.13112949999049306,0.035681000037584454,0.023294300015550107,0.01238630001898855,0.18686279997928068,0.07277839997550473,0.11408389999996871,0.07343580003362149,0.06465050001861528,0.008784800011198968,0.13634169998113066,0.010952499986160547,0.12538869999116287,0.047745399991981685,0.038319299987051636,0.009425600001122802,0.22832120000384748,0.13709179998841137,0.09122890001162887,0.14890859997831285,0.13987299997825176,0.009034399990923703,0.09021699998993427,0.008512999978847802,0.08170370000880212,0.07258089998504147,0.04802670003846288,0.024553499999456108,0.2420951999956742,0.1737810000195168,0.06831349997082725,0.19401599996490404,0.18448509997688234,0.009530399984214455,0.0856258999556303,0.011422199953813106,0.0742032999987714,0.07384789997013286,0.06443089997628704,0.009416299988515675,0.30450139997992665,0.2423535999841988,0.06214719999115914,0.24625349999405444,0.23753699997905642,0.008715800009667873,0.07782890001544729,0.009008499968331307,0.06882010004483163,0.0868800999596715,0.07828209997387603,0.008596899977419525,0.3202449000091292,0.2648830999969505,0.05536130000837147,0.31570919998921454,0.3072435000212863,0.008465199964120984,0.07052489998750389,0.009398299967870116,0.06112630001734942,0.09565980004845187,0.0880658000241965,0.007592900015879422,0.3686380999861285,0.3384527999442071,0.030184500035829842,0.42425470001762733,0.41570040001533926,0.008553799998480827,0.04134560003876686,0.009812200034502894,0.03153310000197962,0.12971480004489422,0.12211340002249926,0.007599800010211766,0.4125518000219017,0.3921299999929033,0.02042100002290681,0.5165933999815024,0.5091715999878943,0.0074213999905623496,0.030188800010364503,0.011241799977142364,0.01894660003017634,0.1229651999892667,0.115829800022766,0.007134099956601858,0.4862829999765381,0.4667380999890156,0.01954359997762367,0.48633090005023405,0.47667520004324615,0.009655100002419204,0.010698500031139702,0.010697800025809556,3.00002284348011e-07,0.12536559998989105,0.12536350003210828,8.00006091594696e-07,0.6021688000182621,0.6021669000037946,9.00006853044033e-07,0.4880823999992572,0.4880815999931656,3.00002284348011e-07
16,0.15161379997152835,4.00003045797348e-07,0.15161299996543676,0.011896600015461445,5.00003807246685e-07,0.0118957000086084,0.12996469996869564,3.00002284348011e-07,0.12996369996108115,0.011410100036300719,3.00002284348011e-07,0.011409400030970573,0.13086209999164566,0.008217499998863786,0.12264419998973608,0.03179119998821989,0.017906099965330213,0.013884700019843876,0.1709504999453202,0.06596179999178275,0.10498789994744584,0.06947509996825829,0.05907879996811971,0.010395799996331334,0.13894830003846437,0.008193900051992387,0.13075399998342618,0.04723909997846931,0.03769039997132495,0.009548100002575666,0.22705560002941638,0.13323030003812164,0.09382489998824894,0.14282490004552528,0.13327540003228933,0.009548600006382912,0.098372999986168,0.008230899984482676,0.09014179999940097,0.06854970002314076,0.055512799997814,0.013036100019235164,0.26824079995276406,0.18305359996156767,0.08518669998738915,0.18534820002969354,0.17539749998832121,0.009950300038326532,0.09676649997709319,0.011446100019384176,0.08531989995390177,0.07755770004587248,0.06887390004703775,0.008683299995027483,0.2989500999683514,0.23188859998481348,0.06706069997744635,0.2833579999860376,0.27534779999405146,0.00800959998741746,0.08191119995899498,0.009539199993014336,0.0723716999636963,0.08420109999133274,0.07603240001481026,0.00816799997119233,0.36192719999235123,0.30723869998473674,0.05468780000228435,0.3801304000080563,0.3718885999987833,0.008241000003181398,0.05684020003536716,0.010029900004155934,0.04681000002892688,0.09574620000785217,0.08744259999366477,0.008302500005811453,0.3923343999776989,0.3667869999771938,0.02554599998984486,0.4405421999981627,0.4321580000105314,0.008383600041270256,0.04248489998281002,0.01116679998813197,0.03131769999163225,0.10384799999883398,0.09601749997818843,0.007829200010746717,0.44591890001902357,0.4184539999696426,0.027463900041766465,0.47644159995252267,0.4691033999552019,0.007337599992752075,0.036831800010986626,0.018802599981427193,0.018028800026513636,0.11496730003273115,0.10796270001446828,0.0070032000076025724,0.5017690000240691,0.48348380002425984,0.01828429999295622,0.45092339999973774,0.4441346999956295,0.0067882000003010035,0.011847399990074337,0.01184679998550564,3.00002284348011e-07,0.12102770002093166,0.12102560000494123,8.00006091594696e-07,0.6161231999867596,0.6161216999753378,6.00004568696022e-07,0.49478370003635064,0.4947826000279747,4.00003045797348e-07
17,0.13960840000072494,3.00002284348011e-07,0.13960779999615625,0.011327599990181625,4.00003045797348e-07,0.01132679998409003,0.10719579999567941,4.00003045797348e-07,0.10719509999034926,0.011326099978759885,3.00002284348011e-07,0.01132539997342974,0.13751889998093247,0.006825999997090548,0.13069249998079613,0.029157499957364053,0.018309999955818057,0.0108468999969773,0.16987439995864406,0.060273899987805635,0.10959999996703118,0.07957269996404648,0.06871939997654408,0.01085279998369515,0.11387940001441166,0.01471980003407225,0.09915919997729361,0.04194740002276376,0.03204610000830144,0.009901000012177974,0.21165640000253916,0.12468810001155362,0.08696789998793975,0.1478975000209175,0.13606690004235134,0.011829700029920787,0.09489439998287708,0.008493100001942366,0.08640089997788891,0.062299099983647466,0.05165769997984171,0.01064079999923706,0.22433779999846593,0.1510417999816127,0.07329560001380742,0.2412962000234984,0.2319374000071548,0.009358200011774898,0.08280520001426339,0.008937200007494539,0.07386760000372306,0.07101799995871261,0.06288019998464733,0.00813679996645078,0.2743549000006169,0.22537980001652613,0.04897439997876063,0.315582400013227,0.30342220002785325,0.01215960003901273,0.06869210000149906,0.010405000008177012,0.0582867999910377,0.07910490001086146,0.0703075000201352,0.008796799986157566,0.3427296999725513,0.2860466999700293,0.05668219999643043,0.3461624000337906,0.3382539000012912,0.007907900027930737,0.06596680002985522,0.009932900022249669,0.056033400003798306,0.08036550000542775,0.07219180004904047,0.008172000001650304,0.36310290003893897,0.32065530004911125,0.04244650003965944,0.34233100002165884,0.33419860003050417,0.008131899987347424,0.0454232000047341,0.011163300019688904,0.0342592999804765,0.1005124999792315,0.09277899999869987,0.0077318999683484435,0.48904010001569986,0.4566529000294395,0.03238599997712299,0.3932081999955699,0.38906360004330054,0.004144199949223548,0.03587689995765686,0.011946599988732487,0.023929899965878576,0.1087666999665089,0.10164850001456216,0.007116900000255555,0.521777700050734,0.5019020000472665,0.019874700054060668,0.4054974999744445,0.40015020000282675,0.005346899968571961,0.011378199968021363,0.011377399961929768,3.00002284348011e-07,0.12004569999407977,0.12004359997808933,8.00006091594696e-07,0.5892616000492126,0.5892592000309378,9.00006853044033e-07,0.4047580999904312,0.4047573999851011,3.00002284348011e-07
18,0.16827000002376735,3.00002284348011e-07,0.16826940001919866,0.010886300005950034,4.00003045797348e-07,0.010885600000619888,0.10785549995489419,3.00002284348011e-07,0.10785489995032549,0.014582899981178343,3.00002284348011e-07,0.0145819999743253,0.14024350000545382,0.007396699977107346,0.13284650002606213,0.03223690000595525,0.022273999988101423,0.00996230001328513,0.1638455999782309,0.062160099972970784,0.10168500000145286,0.08997940004337579,0.07825430005323142,0.011724500043783337,0.10453770001186058,0.008097800018731505,0.09643959999084473,0.043460499960929155,0.03388459997950122,0.009575299976859242,0.19992029998684302,0.1267610999639146,0.07315880001988262,0.18344580003758892,0.17379209998762235,0.009652900043874979,0.09279270004481077,0.009345400030724704,0.08344670000951737,0.056892999971751124,0.047350000008009374,0.009542499959934503,0.23642069997731596,0.16896079998696223,0.06745919998502359,0.24411879997933283,0.23442839999916032,0.00968969997484237,0.07714910001959652,0.008986500033643097,0.06816220004111528,0.07314510003197938,0.06565540004521608,0.007488700037356466,0.30635119997896254,0.249657699954696,0.056692800018936396,0.31087799998931587,0.30181909998646006,0.00905839999904856,0.06790840002940968,0.010116800025571138,0.05779130000155419,0.07100009999703616,0.0664841000107117,0.004515299980994314,0.3011703999945894,0.2628199000027962,0.03834999998798594,0.3139484000275843,0.30940630001714453,0.004541700007393956,0.055129799991846085,0.009401499992236495,0.04572779999580234,0.09882319997996092,0.09065909998025745,0.008162899990566075,0.39588510000612587,0.3689760999986902,0.026908100000582635,0.3551613000454381,0.3476741000195034,0.007486400019843131,0.04004000005079433,0.010318500048015267,0.02972109999973327,0.12013170000864193,0.11282390000997111,0.007306599989533424,0.48784020001767203,0.4612069000140764,0.02663199999369681,0.35678779997397214,0.3521865999791771,0.004600799991749227,0.028738299966789782,0.01078149996465072,0.017955999996047467,0.1305286000133492,0.12292539997724816,0.007601900026202202,0.504143700003624,0.4937229999923147,0.010419800004456192,0.44175960001302883,0.436418000026606,0.00534119998337701,0.01101279997965321,0.011011999973561615,3.00002284348011e-07,0.11789389996556565,0.11789140000473708,1.200009137392044e-06,0.6081854000221938,0.6081819999963045,1.200009137392044e-06,0.43729289999464527,0.4372920999885537,2.00001522898674e-07
19,0.1327484999783337,3.00002284348011e-07,0.13274789997376502,0.013472500024363399,3.00002284348011e-07,0.013471700018271804,0.09987330000149086,3.00002284348011e-07,0.09987269999692217,0.013552100048400462,3.00002284348011e-07,0.013551300042308867,0.14266300003509969,0.00862750003580004,0.1340349999954924,0.03225039999233559,0.020385000039823353,0.0118648000061512,0.17200920003233477,0.06954690004931763,0.10246170003665611,0.12522220000391826,0.11234369996236637,0.012877800036221743,0.11383570003090426,0.0077390000224113464,0.10609640000620857,0.044241599971428514,0.035292399988975376,0.008948299975600094,0.2089894999517128,0.12302289996296167,0.08596599998418242,0.16240149998338893,0.14802869997220114,0.01437150000128895,0.09672060003504157,0.009687800018582493,0.08703240001341328,0.05485469999257475,0.04550790000939742,0.00934599997708574,0.23180490004597232,0.16784629999892786,0.06395810004323721,0.22063909994903952,0.21200859994860366,0.008630199998151511,0.08548940002219751,0.009548300004098564,0.0759408000158146,0.0655294000171125,0.057061899977270514,0.008467000036034733,0.29040299996268004,0.23579020000761375,0.05461189994821325,0.2849887000047602,0.2764323999872431,0.008555800013709813,0.07603540003765374,0.009620600030757487,0.06641440000385046,0.07889780000550672,0.07156939996639267,0.007327500032261014,0.36051580001367256,0.31052769999951124,0.04998750000959262,0.35083020001184195,0.34257680003065616,0.008252999978139997,0.059635399957187474,0.010951799980830401,0.048683299974072725,0.0875135000096634,0.07979629997862503,0.007715700019616634,0.38409669999964535,0.34908969997195527,0.03500590001931414,0.31887339998502284,0.3115369000006467,0.0073358999798074365,0.04292989999521524,0.010273199994117022,0.03265629999805242,0.10252300003776327,0.0956739999819547,0.006847600045148283,0.50787400000263,0.4757982000010088,0.03207419998943806,0.40134799998486415,0.39415339997503906,0.007194200006779283,0.036155100038740784,0.012440300022717565,0.023714300012215972,0.10368210001615807,0.09684830001788214,0.006832799990661442,0.5895746999885887,0.5679709000396542,0.021602599998004735,0.5184165999526158,0.5080261999974027,0.010389899951405823,0.012426600034814328,0.012425800028722733,3.00002284348011e-07,0.10592830000678077,0.10592579998774454,1.00000761449337e-06,0.5953881000168622,0.5953854999970645,1.100008375942707e-06,0.4327739999862388,0.4327733999816701,3.00002284348011e-07
