sample_id,bary_sift_cutoff_0_total,bary_sift_cutoff_0_algo1,bary_sift_cutoff_0_algo2,sift_bary_cutoff_0_total,sift_bary_cutoff_0_algo1,sift_bary_cutoff_0_algo2,permu_sift_cutoff_0_total,permu_sift_cutoff_0_algo1,permu_sift_cutoff_0_algo2,permu_bary_cutoff_0_total,permu_bary_cutoff_0_algo1,permu_bary_cutoff_0_algo2,bary_permu_cutoff_0_total,bary_permu_cutoff_0_algo1,bary_permu_cutoff_0_algo2,sifting_permu_cutoff_0_total,sifting_permu_cutoff_0_algo1,sifting_permu_cutoff_0_algo2,bary_sift_cutoff_1_total,bary_sift_cutoff_1_algo1,bary_sift_cutoff_1_algo2,sift_bary_cutoff_1_total,sift_bary_cutoff_1_algo1,sift_bary_cutoff_1_algo2,permu_sift_cutoff_1_total,permu_sift_cutoff_1_algo1,permu_sift_cutoff_1_algo2,permu_bary_cutoff_1_total,permu_bary_cutoff_1_algo1,permu_bary_cutoff_1_algo2,bary_permu_cutoff_1_total,bary_permu_cutoff_1_algo1,bary_permu_cutoff_1_algo2,sifting_permu_cutoff_1_total,sifting_permu_cutoff_1_algo1,sifting_permu_cutoff_1_algo2,bary_sift_cutoff_2_total,bary_sift_cutoff_2_algo1,bary_sift_cutoff_2_algo2,sift_bary_cutoff_2_total,sift_bary_cutoff_2_algo1,sift_bary_cutoff_2_algo2,permu_sift_cutoff_2_total,permu_sift_cutoff_2_algo1,permu_sift_cutoff_2_algo2,permu_bary_cutoff_2_total,permu_bary_cutoff_2_algo1,permu_bary_cutoff_2_algo2,bary_permu_cutoff_2_total,bary_permu_cutoff_2_algo1,bary_permu_cutoff_2_algo2,sifting_permu_cutoff_2_total,sifting_permu_cutoff_2_algo1,sifting_permu_cutoff_2_algo2,bary_sift_cutoff_3_total,bary_sift_cutoff_3_algo1,bary_sift_cutoff_3_algo2,sift_bary_cutoff_3_total,sift_bary_cutoff_3_algo1,sift_bary_cutoff_3_algo2,permu_sift_cutoff_3_total,permu_sift_cutoff_3_algo1,permu_sift_cutoff_3_algo2,permu_bary_cutoff_3_total,permu_bary_cutoff_3_algo1,permu_bary_cutoff_3_algo2,bary_permu_cutoff_3_total,bary_permu_cutoff_3_algo1,bary_permu_cutoff_3_algo2,sifting_permu_cutoff_3_total,sifting_permu_cutoff_3_algo1,sifting_permu_cutoff_3_algo2,bary_sift_cutoff_4_total,bary_sift_cutoff_4_algo1,bary_sift_cutoff_4_algo2,sift_bary_cutoff_4_total,sift_bary_cutoff_4_algo1,sift_bary_cutoff_4_algo2,permu_sift_cutoff_4_total,permu_sift_cutoff_4_algo1,permu_sift_cutoff_4_algo2,permu_bary_cutoff_4_total,permu_bary_cutoff_4_algo1,permu_bary_cutoff_4_algo2,bary_permu_cutoff_4_total,bary_permu_cutoff_4_algo1,bary_permu_cutoff_4_algo2,sifting_permu_cutoff_4_total,sifting_permu_cutoff_4_algo1,sifting_permu_cutoff_4_algo2,bary_sift_cutoff_5_total,bary_sift_cutoff_5_algo1,bary_sift_cutoff_5_algo2,sift_bary_cutoff_5_total,sift_bary_cutoff_5_algo1,sift_bary_cutoff_5_algo2,permu_sift_cutoff_5_total,permu_sift_cutoff_5_algo1,permu_sift_cutoff_5_algo2,permu_bary_cutoff_5_total,permu_bary_cutoff_5_algo1,permu_bary_cutoff_5_algo2,bary_permu_cutoff_5_total,bary_permu_cutoff_5_algo1,bary_permu_cutoff_5_algo2,sifting_permu_cutoff_5_total,sifting_permu_cutoff_5_algo1,sifting_permu_cutoff_5_algo2,bary_sift_cutoff_6_total,bary_sift_cutoff_6_algo1,bary_sift_cutoff_6_algo2,sift_bary_cutoff_6_total,sift_bary_cutoff_6_algo1,sift_bary_cutoff_6_algo2,permu_sift_cutoff_6_total,permu_sift_cutoff_6_algo1,permu_sift_cutoff_6_algo2,permu_bary_cutoff_6_total,permu_bary_cutoff_6_algo1,permu_bary_cutoff_6_algo2,bary_permu_cutoff_6_total,bary_permu_cutoff_6_algo1,bary_permu_cutoff_6_algo2,sifting_permu_cutoff_6_total,sifting_permu_cutoff_6_algo1,sifting_permu_cutoff_6_algo2,bary_sift_cutoff_7_total,bary_sift_cutoff_7_algo1,bary_sift_cutoff_7_algo2,sift_bary_cutoff_7_total,sift_bary_cutoff_7_algo1,sift_bary_cutoff_7_algo2,permu_sift_cutoff_7_total,permu_sift_cutoff_7_algo1,permu_sift_cutoff_7_algo2,permu_bary_cutoff_7_total,permu_bary_cutoff_7_algo1,permu_bary_cutoff_7_algo2,bary_permu_cutoff_7_total,bary_permu_cutoff_7_algo1,bary_permu_cutoff_7_algo2,sifting_permu_cutoff_7_total,sifting_permu_cutoff_7_algo1,sifting_permu_cutoff_7_algo2,bary_sift_cutoff_8_total,bary_sift_cutoff_8_algo1,bary_sift_cutoff_8_algo2,sift_bary_cutoff_8_total,sift_bary_cutoff_8_algo1,sift_bary_cutoff_8_algo2,permu_sift_cutoff_8_total,permu_sift_cutoff_8_algo1,permu_sift_cutoff_8_algo2,permu_bary_cutoff_8_total,permu_bary_cutoff_8_algo1,permu_bary_cutoff_8_algo2,bary_permu_cutoff_8_total,bary_permu_cutoff_8_algo1,bary_permu_cutoff_8_algo2,sifting_permu_cutoff_8_total,sifting_permu_cutoff_8_algo1,sifting_permu_cutoff_8_algo2,bary_sift_cutoff_9_total,bary_sift_cutoff_9_algo1,bary_sift_cutoff_9_algo2,sift_bary_cutoff_9_total,sift_bary_cutoff_9_algo1,sift_bary_cutoff_9_algo2,permu_sift_cutoff_9_total,permu_sift_cutoff_9_algo1,permu_sift_cutoff_9_algo2,permu_bary_cutoff_9_total,permu_bary_cutoff_9_algo1,permu_bary_cutoff_9_algo2,bary_permu_cutoff_9_total,bary_permu_cutoff_9_algo1,bary_permu_cutoff_9_algo2,sifting_permu_cutoff_9_total,sifting_permu_cutoff_9_algo1,sifting_permu_cutoff_9_algo2
0,0.36036919243633747,4.7031790018081665e-07,0.36036819219589233,0.011201041750609875,2.998858690261841e-07,0.011200401932001114,0.361988534219563,2.1979212760925293e-07,0.36198808439075947,0.011173230595886707,2.300366759300232e-07,0.011172770522534847,233.6967114182189,2.1979212760925293e-07,233.69671102799475,235.54570832662284,3.6973506212234497e-07,235.5457075862214,0.3255754979327321,0.007936418056488037,0.3176388004794717,0.05578903667628765,0.04561047628521919,0.010178270749747753,25.081544181331992,24.790861018933356,0.29068240243941545,24.765569352544844,24.75530437193811,0.010264110751450062,212.34692291822284,0.007853577844798565,212.33906908053905,198.55488273501396,0.04570992570370436,198.5091724889353,0.3005682919174433,0.008858129382133484,0.2917098328471184,0.08887501899152994,0.07962193060666323,0.009252858348190784,48.279774667695165,48.02658321429044,0.25318568386137486,48.35461846366525,48.345463594421744,0.009154009632766247,171.21158334147185,0.00870594847947359,171.20287718251348,179.3019055025652,0.07913628872483969,179.22276881337166,0.23141478281468153,0.00834420882165432,0.22307027410715818,0.13749576825648546,0.12861247919499874,0.008883018977940083,72.31177287269384,72.09377030376345,0.21799777820706367,72.76138929557055,72.7523531159386,0.009031749330461025,146.0466983569786,0.008472478948533535,146.03822561819106,153.25512255728245,0.1300209416076541,153.12510129529983,0.2052885191515088,0.00901446957141161,0.19627374969422817,0.1702182935550809,0.16172729432582855,0.00849071890115738,95.27872089203447,95.07843461725861,0.20028194412589073,94.0598338516429,94.05122115276754,0.008607938885688782,132.8016262864694,0.008994478732347488,132.79263157770038,132.65719297900796,0.16059272270649672,132.4965999154374,0.1806590547785163,0.009551149792969227,0.17110766470432281,0.22632371075451374,0.2176636215299368,0.008659779094159603,117.41634033899754,117.2687124889344,0.14762352034449577,118.03902736399323,118.02942602429539,0.009597059339284897,97.32303877640516,0.009430370293557644,97.3136081462726,94.83175385929644,0.21491694822907448,94.6168366605416,0.13388998713344336,0.010313400067389011,0.12357629742473364,0.25234936736524105,0.24440668988972902,0.007942327298223972,146.93558204453439,146.82627583201975,0.10930170211941004,147.29947491548955,147.29071897640824,0.008751469664275646,73.0676797516644,0.010288659483194351,73.0573909021914,80.02510830946267,0.24316327925771475,79.78194474056363,0.09888281114399433,0.01105407066643238,0.08782848995178938,0.2843234511092305,0.2763321725651622,0.007990987971425056,173.30925406422466,173.22271360643208,0.0865361075848341,172.87325934879482,172.86402862891555,0.009226149879395962,45.075712244957685,0.011045931838452816,45.06466606259346,44.971515648067,0.27492468152195215,44.696590666659176,0.05703601986169815,0.010404621250927448,0.046631128527224064,0.31934644654393196,0.3113688686862588,0.007977327331900597,197.15887077432126,197.11825739312917,0.040608461014926434,197.07919553294778,197.07099839579314,0.008192477747797966,25.631136612035334,0.010358619503676891,25.620777742005885,25.337201771326363,0.30900858622044325,25.028192865662277,0.010835820809006691,0.010835311375558376,2.4959444999694824e-07,0.3529358506202698,0.3529352406039834,2.4959444999694824e-07,231.0473607238382,231.0473540034145,2.3404136300086975e-06,231.20771107822657,231.20770413801074,2.5602057576179504e-06,0.011986021883785725,0.01198545191437006,2.7939677238464355e-07,0.3525444408878684,0.35254362039268017,5.00120222568512e-07
1,0.39706510584801435,3.1013041734695435e-07,0.3970645163208246,0.011977022513747215,2.300366759300232e-07,0.011976552195847034,0.4002441084012389,2.2910535335540771e-07,0.4002436688169837,0.011896101757884026,2.1979212760925293e-07,0.011895651929080486,218.33381454274058,2.0954757928848267e-07,218.33381410315633,217.68349297810346,3.1013041734695435e-07,217.68349231779575,0.30469864793121815,0.007906809449195862,0.29679156839847565,0.05163179710507393,0.042063286527991295,0.00956818088889122,23.725377457216382,23.417092024348676,0.3082811329513788,23.698924338445067,23.689438107423484,0.009485471062362194,186.9114802889526,0.007811138406395912,186.90366892050952,194.77494440972805,0.0417951475828886,194.7331489622593,0.28286205418407917,0.009385299868881702,0.2734764441847801,0.09135796129703522,0.08071014937013388,0.010647541843354702,47.64656149037182,47.36751062981784,0.27904647029936314,48.14988549053669,48.13965252880007,0.010228011757135391,161.87624322343618,0.010299631394445896,161.86594324186444,156.21801627893,0.08274965174496174,156.13526631705463,0.24815865326672792,0.008592698723077774,0.23956569470465183,0.13123211450874805,0.12150280363857746,0.009729070588946342,77.99905086308718,77.78182776365429,0.2172186989337206,78.04900496825576,78.04004206880927,0.008958510123193264,151.26270542573184,0.008490130305290222,151.25421503558755,158.86165671423078,0.12240196485072374,158.7392544290051,0.19972258992493153,0.00970304012298584,0.19001927971839905,0.1761300042271614,0.16717192344367504,0.008957739919424057,99.35188075434417,99.17520590964705,0.17667088471353054,98.76599593833089,98.75734935887158,0.008642259053885937,112.41555345710367,0.009615891613066196,112.40593729540706,110.85870555136353,0.16762025468051434,110.69108501635492,0.1671634940430522,0.009236469864845276,0.15792673453688622,0.21408354584127665,0.20539408642798662,0.008689229376614094,122.93871855549514,122.78022166993469,0.1584925353527069,123.30878251884133,123.299625499174,0.009152989834547043,97.57435520086437,0.009140069596469402,97.56521489098668,88.45381475053728,0.20866890251636505,88.24514555837959,0.13531546015292406,0.012016952969133854,0.12329823710024357,0.2556909825652838,0.24741011392325163,0.008280648849904537,146.11365542560816,146.00778590887785,0.10586537700146437,146.55838953889906,146.55060892086476,0.007775338366627693,74.73013382963836,0.009978041052818298,74.72015558835119,70.54623810667545,0.2453630119562149,70.30087472498417,0.08885831758379936,0.011671893298625946,0.07718617469072342,0.31736460141837597,0.30903836246579885,0.008325979113578796,171.97195609193295,171.89719522930682,0.07475637272000313,171.4223930919543,171.41486398410052,0.007524608634412289,49.33523175865412,0.01023087091743946,49.3250006577,49.89700355194509,0.3096556132659316,49.587347658351064,0.055948732420802116,0.012528703548014164,0.04341973830014467,0.3326077088713646,0.3253034008666873,0.00730372779071331,197.376876774244,197.33463606704026,0.04223571717739105,196.56771861575544,196.55900797620416,0.008706389926373959,23.22821885626763,0.010996131226420403,23.217222484759986,22.887708488851786,0.3295053644105792,22.55820284411311,0.013264264911413193,0.013263714499771595,2.4028122425079346e-07,0.4009795356541872,0.40097896568477154,2.505257725715637e-07,220.78864166885614,220.78863515891135,2.319924533367157e-06,221.5811020154506,221.58109490573406,2.4102628231048584e-06,0.013758664950728416,0.013758065178990364,2.8032809495925903e-07,0.40577949676662683,0.40577873680740595,3.6973506212234497e-07
2,0.38987033907324076,3.6973506212234497e-07,0.3898695893585682,0.011496403254568577,2.4028122425079346e-07,0.0114958630874753,0.38577374536544085,1.8998980522155762e-07,0.3857733150944114,0.011485191993415356,2.1047890186309814e-07,0.011484761722385883,223.81297011766583,2.0954757928848267e-07,223.81296971812844,222.26069021690637,3.3993273973464966e-07,222.26068959664553,0.3063733968883753,0.008982699364423752,0.29739037808030844,0.05284407828003168,0.04324371833354235,0.00960008054971695,24.30748598370701,24.006560131907463,0.3009251123294234,24.417867246083915,24.408142604865134,0.009723971597850323,193.767552328296,0.0078057581558823586,193.759746350348,192.12669814005494,0.04801871348172426,192.07867909688503,0.2524090772494674,0.00927691999822855,0.2431318974122405,0.08855312783271074,0.07848699670284986,0.010065890848636627,47.988809656351805,47.71487392485142,0.2739348318427801,47.628134780563414,47.61585491709411,0.012275262735784054,156.5074924780056,0.008139889687299728,156.4993523284793,163.0621500229463,0.08177535887807608,162.98037433438003,0.2550740474835038,0.010077711194753647,0.24499602615833282,0.12563201691955328,0.11572440527379513,0.009907341562211514,74.54824193101376,74.31170936394483,0.2365283677354455,74.17705026827753,74.16475347522646,0.012292703613638878,151.6328470474109,0.008663269691169262,151.62418352719396,146.15782522410154,0.11701321694999933,146.04081167653203,0.22743706591427326,0.01174504216760397,0.21569171361625195,0.15919302310794592,0.15024130325764418,0.008951460011303425,94.46280724834651,94.26350368186831,0.19929931685328484,93.72834302205592,93.7168962592259,0.011442652903497219,121.60319655854255,0.010235250927507877,121.59296105802059,121.67464497685432,0.15114076435565948,121.52350390236825,0.17631071154028177,0.011396332643926144,0.1649141190573573,0.20362601056694984,0.1942365812137723,0.00938878022134304,122.89168530795723,122.7177175693214,0.17396380845457315,123.48124188743532,123.47078974638134,0.010447421111166477,98.87574560940266,0.01007041148841381,98.86567494831979,90.31734240893275,0.19690072443336248,90.12044063489884,0.13169074337929487,0.012425574474036694,0.11926491931080818,0.26698705926537514,0.2578390697017312,0.009147719480097294,147.38705571275204,147.27188363764435,0.11516780499368906,148.7700684191659,148.75959780812263,0.010466581210494041,73.7823060201481,0.01101160142570734,73.77129414863884,76.11756208539009,0.26034537330269814,75.85721637215465,0.08723310474306345,0.010820641182363033,0.07641220279037952,0.29129834566265345,0.2834022268652916,0.007895829156041145,177.3828765815124,177.30642029922456,0.07645194232463837,176.01936789695174,176.00926576554775,0.010097810998558998,48.990253986790776,0.010788272134959698,48.97946547437459,47.14615602698177,0.27797539345920086,46.868180302903056,0.05994744412600994,0.014653395861387253,0.04529373813420534,0.3525830237194896,0.34559083729982376,0.006991776637732983,198.48272381536663,198.44099286943674,0.04172663576900959,199.19037605635822,199.18085667677224,0.009515049867331982,24.519313539378345,0.013545775786042213,24.505767473950982,23.085063137114048,0.3485758798196912,22.736486926674843,0.0115223228931427,0.011521873064339161,2.1979212760925293e-07,0.388417293317616,0.38841673359274864,3.1013041734695435e-07,220.4502006676048,220.45019392762333,2.609565854072571e-06,219.569608932361,219.56960165221244,3.1301751732826233e-06,0.012746423482894897,0.012745793908834457,2.7008354663848877e-07,0.3730756053701043,0.3730749748647213,2.1979212760925293e-07
3,0.3627250138670206,3.1013041734695435e-07,0.36272440385073423,0.010282051749527454,2.505257725715637e-07,0.010281571187078953,0.36543112713843584,1.8067657947540283e-07,0.36543072666972876,0.010399900376796722,1.8998980522155762e-07,0.010399490594863892,221.64144727867097,1.8998980522155762e-07,221.64144689869136,223.26792647130787,3.594905138015747e-07,223.26792580168694,0.3489516004920006,0.010570582002401352,0.3383807484060526,0.0599113330245018,0.04989295359700918,0.0100181195884943,27.22148586437106,26.90967057365924,0.31181030068546534,27.11995323561132,27.109021053649485,0.010931291617453098,195.7619356866926,0.008954509161412716,195.75298095680773,179.67917026020586,0.05251465551555157,179.6266552945599,0.296137060970068,0.009718176908791065,0.28641856368631124,0.10682884324342012,0.09736893605440855,0.009459586814045906,48.37023450434208,48.11607116088271,0.25415921304374933,48.053077068179846,48.04122419003397,0.011847957968711853,170.39163806196302,0.008208295330405235,170.38342951703817,173.28011298459023,0.09908072743564844,173.18103194702417,0.23931306321173906,0.010488207451999187,0.22882458567619324,0.13891552481800318,0.12941062822937965,0.00950457714498043,74.87878203950822,74.6619380125776,0.2168395472690463,74.68890393991023,74.67733146250248,0.011568187735974789,148.62552705872804,0.009401395916938782,148.61612543277442,143.51086077373475,0.13166169822216034,143.37919873464853,0.21246154326945543,0.010208806954324245,0.20225243642926216,0.171430635266006,0.1622650297358632,0.009165355935692787,99.6368630733341,99.41848059557378,0.21837842743843794,99.47422204352915,99.46298745647073,0.011229846626520157,124.73364282120019,0.008765456266701221,124.72487711533904,125.18683515954763,0.1598432194441557,125.02699160017073,0.1767165195196867,0.011104806326329708,0.16561140306293964,0.21777973789721727,0.2089041918516159,0.0088752256706357,125.07228473108262,124.92241217941046,0.1498682824894786,124.15965783130378,124.14900546334684,0.010648088529706001,103.12045420706272,0.009469706565141678,103.11098419036716,99.02287662867457,0.2054143687710166,98.81746189016849,0.1395552819594741,0.011245781555771828,0.12830912973731756,0.24760517105460167,0.23860550206154585,0.008999379351735115,148.23606376256794,148.11257468629628,0.12348484620451927,147.43262779526412,147.42169829457998,0.010924690403044224,72.14730975683779,0.009706570766866207,72.13760288618505,72.88988064974546,0.2380218217149377,72.65185829810798,0.09563135635107756,0.011580240912735462,0.08405078575015068,0.2846399983391166,0.27561536990106106,0.009024328552186489,173.17354748863727,173.09159249532968,0.08195039350539446,174.10609165392816,174.09558380302042,0.010503600351512432,51.41779883764684,0.010016709566116333,51.40778186824173,47.50406249798834,0.2769225016236305,47.227139696478844,0.05608404707163572,0.010537130758166313,0.04554663598537445,0.3249886790290475,0.31758601125329733,0.007402397692203522,200.9982118131593,200.95260870736092,0.0455987760797143,201.95359280705452,201.94510808959603,0.008483747951686382,25.947270641103387,0.010420800186693668,25.936849631369114,24.405892327427864,0.31876093801110983,24.087131099775434,0.010399939492344856,0.01039941981434822,2.4028122425079346e-07,0.37221425399184227,0.3722137436270714,2.300366759300232e-07,225.60884766839445,225.60884113889188,2.489425241947174e-06,225.1695781070739,225.16957197710872,2.089887857437134e-06,0.011672659777104855,0.01167203951627016,2.4028122425079346e-07,0.3666758993640542,0.3666753089055419,2.4028122425079346e-07
4,0.4042486725375056,3.203749656677246e-07,0.4042480122298002,0.009960309602320194,1.8067657947540283e-07,0.009959899820387363,0.4106666473671794,2.0023435354232788e-07,0.41066623758524656,0.009844709187746048,2.1047890186309814e-07,0.009844259358942509,223.5944438930601,1.993030309677124e-07,223.5944434730336,221.447028121911,3.1013041734695435e-07,221.4470274420455,0.3220763700082898,0.01080819871276617,0.311267850920558,0.0581376813352108,0.04854330234229565,0.009594108909368515,26.010899557732046,25.697231234051287,0.31366734392941,25.833220112137496,25.823493643663824,0.00972547847777605,180.86806236486882,0.00927947647869587,180.85878268815577,181.9686533557251,0.04884709604084492,181.91980592999607,0.2701164809986949,0.00900361593812704,0.26111254561692476,0.08996830694377422,0.0805918499827385,0.00937618687748909,48.860025559552014,48.58432967402041,0.2756914058700204,48.713816550560296,48.7022747118026,0.011537518352270126,159.117895280011,0.008359556086361408,159.10953544359654,157.32633886300027,0.08172441087663174,157.24461412150413,0.2265864396467805,0.010296428576111794,0.2162895817309618,0.13140494748950005,0.1218983605504036,0.00950629636645317,76.34136029984802,76.1163144716993,0.2250416073948145,75.85157416388392,75.84015860594809,0.0114105474203825,137.95167442876846,0.00859107542783022,137.94308309350163,156.7372339759022,0.12259015813469887,156.61464337818325,0.19565877318382263,0.008892527781426907,0.18676595482975245,0.16992278024554253,0.1609369022771716,0.008985658176243305,101.47233224939555,101.2582624386996,0.21406887006014585,101.7656015381217,101.75696935039014,0.008631217293441296,121.72194175422192,0.008950598537921906,121.71299088560045,133.6922424789518,0.16181008331477642,133.53043208550662,0.1572903087362647,0.009146377444267273,0.14814367052167654,0.237486919388175,0.22913286183029413,0.008353767916560173,128.1715358272195,128.00734967179596,0.16418533492833376,126.1519213616848,126.14140577241778,0.010511348955333233,91.73303320910782,0.009059918113052845,91.72397307027131,93.45482593216002,0.23049776442348957,93.2243277374655,0.13660390116274357,0.00908385869115591,0.12751976307481527,0.25881568994373083,0.2507511731237173,0.00806419737637043,143.6701291128993,143.55592954158783,0.11419511120766401,142.1508050020784,142.14158953353763,0.009214458055794239,75.01283890102059,0.008946748450398445,75.00389189273119,72.37627227697521,0.24561073817312717,72.13066125940531,0.07972007058560848,0.009658467955887318,0.07006131298840046,0.2802224485203624,0.27256249263882637,0.007659655995666981,176.74065137654543,176.65967508405447,0.0809753518551588,176.8380204224959,176.83035443536937,0.00766504742205143,45.668782940134406,0.009621608071029186,45.659161081537604,48.78868525382131,0.2735453136265278,48.5151395406574,0.047649191692471504,0.009607188403606415,0.038041713647544384,0.3433045754209161,0.3360466081649065,0.0072576869279146194,191.25004495773464,191.20761119853705,0.04243272915482521,188.1638424191624,188.1540474118665,0.009790467098355293,21.29279989004135,0.00955834612250328,21.2832412738353,22.8236675132066,0.3365714754909277,22.487095717340708,0.009848547168076038,0.009848027490079403,2.1979212760925293e-07,0.4100788878276944,0.4100782172754407,2.8032809495925903e-07,224.47626738343388,224.4762599337846,2.759508788585663e-06,227.3352600671351,227.3352567171678,2.4996697902679443e-06,0.009977996349334717,0.009977476671338081,2.39349901676178e-07,0.4151497511193156,0.4151491215452552,3.3993273973464966e-07
5,0.4155389806255698,2.300366759300232e-07,0.4155384907498956,0.011040368117392063,2.1979212760925293e-07,0.011039908044040203,0.4151410209015012,1.7974525690078735e-07,0.41514064092189074,0.011072217486798763,1.7974525690078735e-07,0.011071847751736641,227.10783279500902,2.1047890186309814e-07,227.10783238429576,227.25431960169226,3.1013041734695435e-07,227.25431900192052,0.3767090989276767,0.007917606271803379,0.3687911834567785,0.05982159823179245,0.04961264040321112,0.010208717547357082,27.20817630458623,26.868780536577106,0.3393948683515191,26.873833671212196,26.863573952578008,0.010258798487484455,192.1611932553351,0.007859195582568645,192.153333729133,192.5716086132452,0.04950163047760725,192.5221067024395,0.3285707803443074,0.00980695802718401,0.3187635224312544,0.10676144808530807,0.09648545924574137,0.01027573924511671,51.74463167786598,51.433399602770805,0.31123118475079536,51.211396341212094,51.200939011760056,0.010456439107656479,163.77400868479162,0.009770439006388187,163.764238005504,156.09657300636172,0.0940011776983738,156.0025715585798,0.23822920117527246,0.0090292077511549,0.2291996730491519,0.1411778051406145,0.12981927581131458,0.011358239687979221,76.83991653192788,76.58589498698711,0.25402065459638834,75.7990340013057,75.78899478260428,0.01003847923129797,150.88270895648748,0.009036047384142876,150.87367269862443,156.53300482872874,0.1304844357073307,156.402520082891,0.211726657114923,0.00964305829256773,0.2020832784473896,0.1679646596312523,0.15872040018439293,0.009243959560990334,102.4082299163565,102.1819595657289,0.22626947984099388,102.94005084596574,102.9309382578358,0.00911167822778225,132.64653088431805,0.009434117935597897,132.63709650561213,126.02051691804081,0.16038689203560352,125.86012944672257,0.16725839767605066,0.0096574192866683,0.15760069899260998,0.22560880985110998,0.21733119245618582,0.008277367800474167,124.36162079498172,124.19854755979031,0.16306884493678808,124.53958442155272,124.52843443118036,0.01114915031939745,95.56054342817515,0.009599478915333748,95.55094367917627,91.46697936579585,0.21616461221128702,91.25081446301192,0.13026463612914085,0.009936518967151642,0.1203278573229909,0.26447303500026464,0.2561109084635973,0.00836186669766903,150.31817746534944,150.20787450671196,0.1103007085621357,148.98250361718237,148.97051095589995,0.011988140642642975,71.69427487347275,0.009752717800438404,71.68452190607786,69.25333224330097,0.2550812875851989,68.99825062602758,0.0928890435025096,0.010234699584543705,0.08265404403209686,0.3375298613682389,0.33001570403575897,0.007513857446610928,175.34752096235752,175.26735908165574,0.08016092050820589,174.78307106811553,174.77514179050922,0.007928287610411644,48.82612940389663,0.010201257653534412,48.81592789571732,47.994171862490475,0.33073459286242723,47.663436979055405,0.05248650535941124,0.010575119405984879,0.04191115591675043,0.33371442556381226,0.3260662602260709,0.007647925987839699,200.44880120735615,200.40493266936392,0.04386643785983324,200.89418958872557,200.88622278161347,0.007965806871652603,26.13224866054952,0.010506938211619854,26.121741482056677,24.3200959879905,0.3281191922724247,23.9919765163213,0.011069068685173988,0.011068479157984257,3.3993273973464966e-07,0.41419437527656555,0.41419375501573086,2.4028122425079346e-07,223.0172607935965,223.0172543535009,2.3506581783294678e-06,223.7094139792025,223.70941061899066,2.4903565645217896e-06,0.014695162884891033,0.014694632962346077,2.39349901676178e-07,0.40694273822009563,0.4069421384483576,2.905726432800293e-07
6,0.3815110055729747,3.1013041734695435e-07,0.38151040580123663,0.010781158693134785,2.300366759300232e-07,0.010780678130686283,0.3833388378843665,2.0023435354232788e-07,0.3833384374156594,0.010850399732589722,2.300366759300232e-07,0.010849989950656891,226.5460993051529,2.505257725715637e-07,226.54609884507954,224.6982001075521,3.296881914138794e-07,224.6981995580718,0.3285643495619297,0.011631129309535027,0.316932899877429,0.06026115361601114,0.05052734538912773,0.00973355770111084,28.304339552298188,27.96303359232843,0.34130518045276403,28.09881732147187,28.08902871236205,0.009787878952920437,209.2671422008425,0.009643947705626488,209.25749798305333,191.80585055612028,0.05094012524932623,191.75491014122963,0.30075055453926325,0.011402850039303303,0.2893473645672202,0.1045606816187501,0.09516619425266981,0.009394217282533646,55.030068665742874,54.76810236368328,0.26196536235511303,55.065705484710634,55.056310267187655,0.009394307620823383,170.89471756387502,0.009995327331125736,170.88472197577357,162.5426280880347,0.09691304620355368,162.4457147717476,0.2713292809203267,0.008690617978572845,0.26263836305588484,0.13479681871831417,0.12494489084929228,0.009851648472249508,75.99711247161031,75.75418486539274,0.24292661622166634,75.26521429046988,75.25333880074322,0.011870949529111385,150.29955914709717,0.008513987995684147,150.29104491882026,150.26748341787606,0.12784396298229694,150.13963911496103,0.2086889250203967,0.00945803802460432,0.19923061691224575,0.17891483940184116,0.17015250120311975,0.00876206811517477,110.26294187735766,110.05401228088886,0.20892883650958538,110.07973255217075,110.07062766421586,0.009104038588702679,114.28737895563245,0.009325587190687656,114.27805313840508,119.93012259434909,0.16930718161165714,119.76081509329379,0.16344263590872288,0.012576381675899029,0.15086593385785818,0.22629060130566359,0.21771281398832798,0.008577526547014713,135.6948174275458,135.53779724799097,0.1570192091166973,135.9891601493582,135.97994971182197,0.009209287352859974,105.6945989318192,0.009607948362827301,105.68499069288373,108.7777649872005,0.2185585731640458,108.55920613370836,0.14031144510954618,0.011296140030026436,0.12901501543819904,0.249670572578907,0.24156674556434155,0.008103357627987862,162.45824100077152,162.34447367023677,0.11376646067947149,162.94402564689517,162.93606751039624,0.007957336492836475,79.45414056070149,0.010003718547523022,79.44413665216416,83.02468792628497,0.2452720794826746,82.77941556740552,0.0896538496017456,0.00983795803040266,0.07981564197689295,0.3309650160372257,0.322485838085413,0.008478938601911068,190.86636462900788,190.7738552466035,0.0925042126327753,191.0562762627378,191.04764699470252,0.00862829852849245,50.41573982127011,0.009784229099750519,50.40595531184226,51.34373568184674,0.3252650210633874,51.01847020071,0.053226168267428875,0.01125389989465475,0.04197197873145342,0.3364445408806205,0.3290651049464941,0.007379165850579739,220.19333001133054,220.14402233622968,0.04930327460169792,217.76190629135817,217.75056002102792,0.011345000006258488,23.797098179347813,0.011059960350394249,23.78603796940297,24.740423162467778,0.32666575256735086,24.413756989873946,0.010868818499147892,0.010868248529732227,2.7008354663848877e-07,0.3894185684621334,0.38941795844584703,2.7008354663848877e-07,229.03476698230952,229.0347636314109,2.2407621145248413e-06,224.86186543479562,224.86185844428837,2.2202730178833008e-06,0.012758812867105007,0.012758062221109867,2.4028122425079346e-07,0.38459760416299105,0.3845969745889306,3.604218363761902e-07
7,0.37130376044660807,2.998858690261841e-07,0.3713031904771924,0.010528729297220707,2.207234501838684e-07,0.010528288781642914,0.3731873529031873,1.993030309677124e-07,0.37318695336580276,0.010592359118163586,2.0954757928848267e-07,0.010591949336230755,228.98531724791974,2.1047890186309814e-07,228.98531685769558,229.95891259983182,2.7008354663848877e-07,229.9589120997116,0.32616384141147137,0.009092898108065128,0.3170706629753113,0.05426052771508694,0.044549998827278614,0.009710309095680714,25.39461305178702,25.073699104599655,0.32091311644762754,25.144147559069097,25.13434460014105,0.009802078828215599,191.48988030012697,0.00797833688557148,191.48190172296017,192.60513776540756,0.04512317944318056,192.56001432519406,0.265728447586298,0.010777520015835762,0.2549506975337863,0.09251778200268745,0.08273412380367517,0.00978342816233635,50.02384320087731,49.7539817802608,0.26986055076122284,49.82393192220479,49.81458351388574,0.009347228333353996,180.96673319488764,0.010770078748464584,180.95596287585795,165.6363575188443,0.08331652451306581,165.55304075498134,0.22478929068893194,0.011705250479280949,0.21308371052145958,0.1344355596229434,0.1254078121855855,0.00902742799371481,73.65690076071769,73.42781277559698,0.22908690478652716,73.86671410966665,73.85754879098386,0.00916425883769989,150.23991439957172,0.008635456673800945,150.23127868305892,141.5093272663653,0.12734989169985056,141.38197704497725,0.20752401277422905,0.011148129589855671,0.1963755628094077,0.16634030733257532,0.15763723943382502,0.008702748455107212,96.20390311256051,96.00563206709921,0.19827012531459332,98.0521800396964,98.04288156144321,0.009297668002545834,125.74155752547085,0.00978463888168335,125.73177262675017,115.1363109825179,0.16160279233008623,114.9747078800574,0.15180193353444338,0.010156539268791676,0.14164508413523436,0.2211571643128991,0.2126612663269043,0.008495607413351536,120.32867800723761,120.15773272607476,0.17094084154814482,120.52062833495438,120.50921535491943,0.011412040330469608,91.15095324907452,0.010134718380868435,91.14081820007414,100.7330075763166,0.21181093994528055,100.52119634579867,0.12284376006573439,0.009523848071694374,0.11331964284181595,0.25425421725958586,0.24614537972956896,0.008108527399599552,153.282295640558,153.15877581108361,0.1235189801082015,151.18785057682544,151.17627222742885,0.01157431025058031,67.82474230322987,0.009447868913412094,67.81529414374381,74.27009118907154,0.24723747093230486,74.02285338845104,0.08564919605851173,0.010253659449517727,0.07539527676999569,0.29779260512441397,0.2900702888146043,0.007722046226263046,168.93642843700945,168.85864307824522,0.07778448890894651,169.23735559545457,169.22950824908912,0.007846486754715443,45.18354653567076,0.010195358656346798,45.173350896686316,44.790445821359754,0.2921723825857043,44.49827315937728,0.05652908142656088,0.011030320078134537,0.04549839161336422,0.3745175674557686,0.3672482315450907,0.007268935441970825,192.97480769827962,192.9313460290432,0.04346072860062122,193.94606082513928,193.9386813789606,0.007378545589745045,24.661232110112906,0.009558118879795074,24.651673641055822,23.53927417565137,0.37783115170896053,23.161442624405026,0.010463359765708447,0.010462859645485878,2.300366759300232e-07,0.37347147800028324,0.3734708782285452,2.8032809495925903e-07,226.25724592991173,226.25723890960217,2.619810402393341e-06,228.34285455569625,228.34285109583288,2.4605542421340942e-06,0.013995182700455189,0.013994673267006874,2.300366759300232e-07,0.37367550656199455,0.3736748667433858,2.691522240638733e-07
8,0.38447494711726904,3.296881914138794e-07,0.384474316611886,0.010414469055831432,2.4959444999694824e-07,0.010413979180157185,0.3877224512398243,1.7043203115463257e-07,0.38772206101566553,0.010484499856829643,2.1979212760925293e-07,0.010484039783477783,229.64512968435884,1.7974525690078735e-07,229.64512929413468,226.1811228869483,3.1013041734695435e-07,226.18112231697887,0.37370612658560276,0.01041856873780489,0.3632872672751546,0.05776237230747938,0.04750999342650175,0.010252108797430992,24.545320109464228,24.18387001287192,0.361449115909636,24.292842350900173,24.283106042072177,0.009735449217259884,200.7683318350464,0.008132636547088623,200.760198937729,200.88878999371082,0.04742103349417448,200.841368640773,0.30055602081120014,0.010465828701853752,0.29008992202579975,0.09577364567667246,0.08586847689002752,0.009904928505420685,54.213103629648685,53.93375801667571,0.27934473287314177,54.11890553496778,54.10943117644638,0.00947346817702055,168.89823351055384,0.009177017956972122,168.8890562625602,176.30409865546972,0.08616890758275986,176.21792946755886,0.2565155513584614,0.008711498230695724,0.24780383333563805,0.12850776594132185,0.119128686375916,0.009378829039633274,77.49935522209853,77.25010329764336,0.24925092421472073,76.06929247733206,76.05711670592427,0.012170931324362755,156.4900774648413,0.008542067371308804,156.481535137631,157.5007057338953,0.12153402902185917,157.37917137518525,0.20989612955600023,0.00992634892463684,0.19996946025639772,0.16113299503922462,0.15162493661046028,0.009507778100669384,106.94811642263085,106.75687992107123,0.19123537186533213,107.08564603701234,107.076042028144,0.009603229351341724,123.44578023068607,0.009845228865742683,123.43593473173678,124.24413969460875,0.15036986488848925,124.09376941993833,0.17247006483376026,0.011312750168144703,0.16115702409297228,0.21266444120556116,0.2036417629569769,0.009022408165037632,130.80373397376388,130.64956821501255,0.15416481904685497,131.83112962916493,131.82216717116535,0.008961468003690243,92.32648127153516,0.010155999101698399,92.31632505264133,100.65470919758081,0.20598990563303232,100.44871900230646,0.12862895615398884,0.011219830252230167,0.117408805526793,0.26342386845499277,0.25491476990282536,0.00850879866629839,158.29712207149714,158.18384271953255,0.11327814217656851,159.29584802966565,159.28776975162327,0.008077427744865417,69.66899174824357,0.009577479213476181,69.6594140091911,77.84417466726154,0.2591413529589772,77.5850330144167,0.09570381604135036,0.010018848814070225,0.08568466734141111,0.3419204382225871,0.3341814912855625,0.007738647051155567,182.02046657539904,181.93766535259783,0.0827960129827261,180.57300012931228,180.56260971911252,0.010389360599219799,50.45057440456003,0.009822598658502102,50.44075153581798,51.21718211937696,0.32943764980882406,50.8877440802753,0.05192641541361809,0.010247569531202316,0.04167857673019171,0.39968507271260023,0.39155790489166975,0.008126847445964813,203.21762890648097,203.17569271940738,0.04193511698395014,198.86984107177705,198.86014206334949,0.009694858454167843,22.636258768849075,0.010169939137995243,22.62608856987208,24.535886433906853,0.3896791124716401,24.146206570789218,0.010490218177437782,0.01048966869711876,2.4959444999694824e-07,0.3897491041570902,0.3897485937923193,2.598389983177185e-07,228.0430773710832,228.04307424090803,2.2007152438163757e-06,226.35149571113288,226.35148903168738,2.319924533367157e-06,0.012121899984776974,0.012121319770812988,2.505257725715637e-07,0.3868547333404422,0.3868541428819299,3.203749656677246e-07
9,0.4224415132775903,3.1013041734695435e-07,0.42244091257452965,0.010974778793752193,2.300366759300232e-07,0.010974328964948654,0.4272652268409729,2.0954757928848267e-07,0.42726477701216936,0.010948840528726578,1.8998980522155762e-07,0.010948440060019493,249.60635472927243,2.300366759300232e-07,249.60635428875685,251.37423620000482,2.4028122425079346e-07,251.37423571012914,0.34239625465124846,0.009028938598930836,0.33336703665554523,0.0580571498721838,0.048340641893446445,0.009716207161545753,26.859343548305333,26.534344039857388,0.3249951284378767,26.348607389256358,26.337845729663968,0.010760819539427757,199.19084887299687,0.00863511674106121,199.18221355602145,202.34529957082123,0.04712664149701595,202.2981726396829,0.2856734683737159,0.00848401803523302,0.27718917094171047,0.0941930627450347,0.08444880414754152,0.00974399782717228,54.124924171715975,53.791231960989535,0.3336906600743532,53.893485710024834,53.883764050900936,0.00972082931548357,174.37383886426687,0.008522947318851948,174.36531568691134,181.71011755149812,0.08583157416433096,181.62428554706275,0.2549407221376896,0.011497119441628456,0.2434433028101921,0.1323643559589982,0.12342092767357826,0.008943158201873302,76.23562652245164,75.97854590974748,0.25707975309342146,76.49903122149408,76.49002658296376,0.00900344830006361,155.94301824457943,0.009280667640268803,155.93373735714704,149.9382283212617,0.12459805980324745,149.81362991128117,0.22034314461052418,0.010650979354977608,0.20969190541654825,0.19305163994431496,0.18423808179795742,0.008813277818262577,114.85623522195965,114.66170536074787,0.19452892057597637,115.0706906914711,115.06187740340829,0.008812477812170982,142.91419419180602,0.00944436900317669,142.9047495732084,125.35127093177289,0.1860070340335369,125.16526356805116,0.1914803385734558,0.011286230757832527,0.1801937883719802,0.1980151953175664,0.1889090770855546,0.009105858393013477,150.02381138782948,149.8606646442786,0.1631457032635808,150.33389733172953,150.32499455381185,0.008901838213205338,106.04640960041434,0.00980661902576685,106.03660273179412,110.8545104386285,0.19173694029450417,110.66277303826064,0.1448105089366436,0.009747249074280262,0.13506297953426838,0.2552412375807762,0.24674228951334953,0.008498338051140308,163.0984248649329,162.97151938267052,0.1269006822258234,164.24274477083236,164.23277955129743,0.009964299388229847,78.94665712397546,0.00960587803274393,78.93705101590604,78.57548618502915,0.24094463419169188,78.33454128075391,0.08898866828531027,0.010442689061164856,0.07854573987424374,0.3171736104413867,0.30909928400069475,0.008074086159467697,176.30421594530344,176.21856047865003,0.0856510866433382,176.4807185307145,176.471399853006,0.009317917749285698,49.668927122838795,0.010389449074864388,49.65853743441403,50.496430025435984,0.3077075220644474,50.188722242601216,0.05335232708603144,0.010701199062168598,0.042650867253541946,0.3648593546822667,0.35700458753854036,0.007854397408664227,228.97769036516547,228.93276107497513,0.044928450137376785,227.04822400864214,227.03776059951633,0.01045908872038126,23.933032461442053,0.01047465018928051,23.922557581216097,23.779609475284815,0.3552767261862755,23.42433239892125,0.010858509689569473,0.010857979767024517,2.598389983177185e-07,0.4268934391438961,0.42689273878932,3.6973506212234497e-07,248.29946359526366,248.29946062527597,2.2100284695625305e-06,246.04065983742476,246.04065348766744,2.269633114337921e-06,0.012391351163387299,0.012390730902552605,2.896413207054138e-07,0.4221752053126693,0.42217454593628645,3.1013041734695435e-07
10,0.4161208402365446,2.998858690261841e-07,0.4161202199757099,0.01222717110067606,2.0023435354232788e-07,0.012226731516420841,0.41943298280239105,3.1013041734695435e-07,0.4194324631243944,0.012258131057024002,2.598389983177185e-07,0.012257651425898075,229.38767403922975,2.0023435354232788e-07,229.38767363876104,231.95254635065794,2.998858690261841e-07,231.95254578068852,0.3450282970443368,0.008799717761576176,0.3362282691523433,0.05549994949251413,0.044870889745652676,0.010628819465637207,27.01324057020247,26.678097422234714,0.33514222875237465,26.2004016879946,26.18765775579959,0.012739692814648151,191.25778193492442,0.008565087802708149,191.2492166068405,191.8602930298075,0.043808259069919586,191.81648453045636,0.2852095430716872,0.009334918111562729,0.2758743353188038,0.09422971401363611,0.0835159532725811,0.010713430121541023,56.46713988017291,56.136523756198585,0.3306151144206524,56.3571926523,56.34640146326274,0.010790319181978703,176.56622569728643,0.009284707717597485,176.5569407492876,167.70528386346996,0.08324370346963406,167.6220398293808,0.2280215620994568,0.008904658257961273,0.21911662351340055,0.1398209435865283,0.12994817458093166,0.009872508235275745,76.99532089289278,76.73663650359958,0.2586831394582987,76.99586044251919,76.98601922392845,0.009840408340096474,150.8677810765803,0.008836046792566776,150.85894482024014,158.30178606975824,0.13116570562124252,158.17062005400658,0.21985636558383703,0.011448250152170658,0.20840778574347496,0.1991835366934538,0.1894943080842495,0.009688928723335266,113.70850413572043,113.51431454345584,0.1941851619631052,114.68135723564774,114.6716145966202,0.009741689078509808,133.0556329647079,0.009507158771157265,133.04612558614463,119.83072935324162,0.1897980459034443,119.64093096647412,0.17242585122585297,0.011989440768957138,0.1604361506178975,0.19620452355593443,0.1880006855353713,0.0082035381346941,136.93035070970654,136.76287066284567,0.16747901681810617,137.13019972480834,137.1209616670385,0.00923408754169941,101.89616950508207,0.010037548840045929,101.88613173551857,96.43505176436156,0.18967049568891525,96.24538084864616,0.126883402466774,0.010511338710784912,0.11637179367244244,0.2540146429091692,0.24532161466777325,0.008692747913300991,151.26986544486135,151.1484404494986,0.12142061535269022,153.0843902863562,153.07328649703413,0.011102809570729733,72.27066313568503,0.010368138551712036,72.26029472704977,76.31377725675702,0.24479464441537857,76.06898223236203,0.09476410318166018,0.010306059382855892,0.08445774391293526,0.35246353037655354,0.3446057727560401,0.007857447490096092,179.0816774647683,178.99910356290638,0.0825696224346757,177.01285935472697,177.00217661447823,0.010681870393455029,48.53454835154116,0.010272350162267685,48.52427576202899,52.26529543381184,0.3405265789479017,51.92476855497807,0.050606113858520985,0.010665998794138432,0.039939855225384235,0.37626308109611273,0.36873929388821125,0.007523346692323685,204.33412677794695,204.29087059013546,0.04325174726545811,202.46965731773525,202.4591591283679,0.010493889451026917,23.98992255050689,0.010606510564684868,23.979315800592303,23.552462817169726,0.36597417294979095,23.186488304287195,0.012479081749916077,0.012478581629693508,2.300366759300232e-07,0.42270065285265446,0.4227000828832388,2.300366759300232e-07,226.60585274826735,226.60584583785385,2.250075340270996e-06,224.96675206162035,224.9667460117489,2.239830791950226e-06,0.012579301372170448,0.012578831054270267,2.300366759300232e-07,0.41052935365587473,0.4105288730934262,2.505257725715637e-07
11,0.376846163533628,3.3993273973464966e-07,0.3768455134704709,0.010935149155557156,2.2910535335540771e-07,0.01093467976897955,0.3784092031419277,2.300366759300232e-07,0.3784087635576725,0.010915360413491726,2.207234501838684e-07,0.010914930142462254,224.34706372581422,1.7974525690078735e-07,224.34706335607916,224.85338223166764,2.4028122425079346e-07,224.85338171198964,0.3132080351933837,0.011010119691491127,0.30219762586057186,0.05907747242599726,0.048932163044810295,0.01014505885541439,27.769251976162195,27.452114996500313,0.31713622994720936,27.5068693542853,27.497158085927367,0.009710298851132393,197.80066545214504,0.009615507908165455,197.79104965459555,208.0356937823817,0.05036338418722153,207.98533007875085,0.3223222251981497,0.009311358444392681,0.3130105771124363,0.10286261048167944,0.09366602264344692,0.009196298196911812,52.43572170473635,52.16453831549734,0.27117919921875,52.18398963287473,52.174666564911604,0.009322308003902435,181.94286001101136,0.008853128179907799,181.9340066127479,160.45529385935515,0.09400789439678192,160.36128569487482,0.270416809245944,0.010526820085942745,0.2598896995186806,0.13005106523633003,0.12097647786140442,0.009074287489056587,79.19948477018625,78.97627857327461,0.22320528700947762,78.91041907574981,78.90121049713343,0.009204408153891563,148.64324955828488,0.009133998304605484,148.6341153299436,137.77735283132643,0.11904661543667316,137.65830592624843,0.2146102087572217,0.010768118314445019,0.2038418399170041,0.16817249823361635,0.15858270972967148,0.009589548222720623,104.80287358351052,104.60531342867762,0.19755920488387346,103.45735196489841,103.44745749607682,0.00989034865051508,130.3033348992467,0.009527898393571377,130.29380675125867,126.01456126011908,0.15935735031962395,125.85520364064723,0.15181537438184023,0.011213390156626701,0.14060167409479618,0.2115388372913003,0.2023473782464862,0.009191269055008888,135.12876795139164,134.9645151263103,0.16424809489399195,135.1232084268704,135.11306180804968,0.010143608786165714,97.88958184793591,0.009828758426010609,97.87975281942636,103.49126215558499,0.20337295904755592,103.28788891620934,0.1276160329580307,0.01255934126675129,0.115056362003088,0.26596302445977926,0.2577880974858999,0.00817444734275341,149.7496495358646,149.63999238889664,0.1096521569415927,148.46872040443122,148.45825924444944,0.010457079857587814,77.44830427225679,0.01097411010414362,77.43732979241759,74.47877639811486,0.2572614084929228,74.2215146496892,0.09413876291364431,0.010419598780572414,0.08371886424720287,0.3215948538854718,0.313459737226367,0.008134816773235798,167.27482765633613,167.19179822318256,0.08302518352866173,165.19868132285774,165.1885737637058,0.01010337844491005,46.5151232983917,0.010341829620301723,46.50478121917695,45.5060135666281,0.31212982535362244,45.19388344138861,0.05495172832161188,0.010380229912698269,0.044571238569915295,0.3600233681499958,0.3525681607425213,0.007454907521605492,192.13722291775048,192.09087371826172,0.046345289796590805,189.88196680136025,189.87183120194823,0.010131578892469406,24.725803402252495,0.010139668360352516,24.715663434006274,26.15945073030889,0.35058311000466347,25.80886720959097,0.01176524069160223,0.011764680966734886,2.598389983177185e-07,0.38037211634218693,0.38037161622196436,2.300366759300232e-07,227.76030263770372,227.7602956481278,2.5602057576179504e-06,225.4246286759153,225.42462358623743,2.239830791950226e-06,0.011020430363714695,0.011019890196621418,2.7008354663848877e-07,0.38294615782797337,0.3829454779624939,3.1013041734695435e-07
12,0.4054403081536293,2.998858690261841e-07,0.40543970838189125,0.01119398046284914,2.300366759300232e-07,0.011193500831723213,0.4050775580108166,1.7974525690078735e-07,0.4050771687179804,0.01110047847032547,1.8998980522155762e-07,0.01110002864152193,238.12834359146655,1.8998980522155762e-07,238.12834317144006,239.44502930156887,3.296881914138794e-07,239.4450286719948,0.3563567828387022,0.01129401009529829,0.3450624030083418,0.054758147336542606,0.04408891871571541,0.010668988339602947,24.217738784849644,23.89920038357377,0.3185375314205885,24.092341325245798,24.081668565049767,0.01067201979458332,201.78983430098742,0.008200418204069138,201.7816336331889,199.58014185540378,0.04487097915261984,199.53527063596994,0.3246647361665964,0.01244422048330307,0.31222018506377935,0.09497680328786373,0.08562340494245291,0.009353107772767544,51.692758285440505,51.39285029191524,0.29990729317069054,51.32220112066716,51.31271172128618,0.009488589130342007,162.12121229805052,0.009293259121477604,162.11191879864782,168.01861058548093,0.08664916642010212,167.93196114897728,0.26901183743029833,0.009302228689193726,0.25970929861068726,0.14015430305153131,0.13109442498534918,0.009059417992830276,77.38785537239164,77.13903598301113,0.24881854932755232,77.37048412673175,77.36080615781248,0.009677138179540634,159.32356980443,0.009192938916385174,159.31437661498785,163.1926597636193,0.13218245562165976,163.06047701835632,0.21776475198566914,0.012364830821752548,0.20539953093975782,0.17718984559178352,0.16828877851366997,0.008900776505470276,101.28836416173726,101.08925756625831,0.19910557568073273,101.55426155682653,101.54536595847458,0.008890358731150627,125.64669154491276,0.009444087743759155,125.63724720664322,115.71910095401108,0.17136012110859156,115.54774043243378,0.17343874368816614,0.009981188923120499,0.16345723439007998,0.20685742236673832,0.19807506538927555,0.00878209713846445,127.06715763173997,126.89634013082832,0.17081661149859428,126.61210713908076,126.60043434984982,0.01166824996471405,108.05674251541495,0.009850328788161278,108.04689194634557,114.59094987995923,0.1976324524730444,114.39331713691354,0.13449254911392927,0.010180738754570484,0.12431155983358622,0.26219801139086485,0.25398879405111074,0.008208966813981533,145.6024937182665,145.4831518828869,0.11934089474380016,145.47097451332957,145.4593073334545,0.011655979789793491,75.17546901199967,0.010079707950353622,75.16538903396577,75.2551289126277,0.25574950501322746,74.9993790872395,0.09654371533542871,0.012741191312670708,0.08380220457911491,0.2900128550827503,0.2817299868911505,0.008282538503408432,199.3952992996201,199.31303015723825,0.08226784225553274,200.74444469437003,200.736428338103,0.008015426807105541,50.843164135701954,0.00954795815050602,50.83361588791013,55.827634658664465,0.2868458814918995,55.54078850708902,0.056106628850102425,0.010809130035340786,0.045297229662537575,0.3569881934672594,0.34902086667716503,0.007967046461999416,208.99160014651716,208.94837218895555,0.04322356730699539,208.32585022225976,208.3175325440243,0.008316608145833015,24.39577974192798,0.010766040533781052,24.38501349184662,27.371581327170134,0.3457078142091632,27.02587318327278,0.01309400238096714,0.013093402609229088,2.8032809495925903e-07,0.40400439593940973,0.4040038660168648,2.598389983177185e-07,235.56606843788177,235.56606118846685,2.1597370505332947e-06,234.9146298682317,234.914623378776,2.409331500530243e-06,0.012467561289668083,0.012466991320252419,2.598389983177185e-07,0.405519537627697,0.4055189974606037,2.4959444999694824e-07
13,0.41783439833670855,3.296881914138794e-07,0.4178337985649705,0.00996333733201027,3.0919909477233887e-07,0.009962747804820538,0.4234645143151283,2.1979212760925293e-07,0.42346405424177647,0.009931358508765697,2.505257725715637e-07,0.00993086863309145,244.45420754514635,1.8067657947540283e-07,244.45420714467764,245.205628358759,3.1013041734695435e-07,245.20562777854502,0.29491586051881313,0.011536630801856518,0.2833789400756359,0.05700073949992657,0.047428252175450325,0.009572197683155537,25.777772018685937,25.437890958040953,0.33988034073263407,25.329401251859963,25.319742393679917,0.0096580283716321,195.18480868265033,0.008468637242913246,195.1763398349285,211.79885607678443,0.05144685506820679,211.74740873184055,0.270003548823297,0.009701657108962536,0.26030158158391714,0.09340192284435034,0.0840819850564003,0.009319568052887917,49.93306853994727,49.638595128431916,0.29447247087955475,49.72500727698207,49.71462894696742,0.010377420112490654,188.5382479466498,0.00838581845164299,188.52986190840602,190.70877484418452,0.08509915601462126,190.62367537803948,0.22902201302349567,0.012123520486056805,0.21689820289611816,0.1329501373693347,0.12354096956551075,0.00940884742885828,79.1175971282646,78.87194066122174,0.24565203674137592,79.77004919666797,79.7576605854556,0.012384391389787197,159.91473205201328,0.009131518192589283,159.9056002739817,146.9348898679018,0.12814966309815645,146.8067398648709,0.21179542783647776,0.011244100518524647,0.20055097807198763,0.1610982632264495,0.15134872402995825,0.009749199263751507,93.60105147119612,93.37783187441528,0.22321455646306276,92.39543658588082,92.38258577510715,0.01284635066986084,122.15845057740808,0.008489848114550114,122.14996047876775,128.20030016824603,0.15449442714452744,128.04580547101796,0.17778945714235306,0.011692370288074017,0.16609676647931337,0.19583289232105017,0.18738148547708988,0.00845099613070488,137.55610534735024,137.39560846611857,0.16049241181463003,136.67200865596533,136.66086168587208,0.011142379604279995,102.10173215530813,0.008780506439507008,102.09295142814517,98.78511835541576,0.18792303651571274,98.59719497896731,0.12701577320694923,0.012619071640074253,0.11439640168100595,0.2281091520562768,0.21990676503628492,0.008202116936445236,158.5974127072841,158.47038661502302,0.12702094297856092,157.46896663028747,157.44530965853482,0.02365180104970932,70.65953827276826,0.009540538303554058,70.64999749418348,73.65688624233007,0.22123334649950266,73.43565257638693,0.08946828916668892,0.012229961343109608,0.07723800837993622,0.2806012583896518,0.2729272712022066,0.007673757150769234,183.92784233950078,183.8418749133125,0.08596165664494038,184.90178437065333,184.88187449239194,0.01990595832467079,47.90796021092683,0.010220719501376152,47.897739230655134,46.75625990238041,0.29644196201115847,46.45981761999428,0.05520300939679146,0.012605600990355015,0.04259706847369671,0.38213724736124277,0.3747441116720438,0.007392846047878265,213.43743992317468,213.39242213312536,0.04501361958682537,211.6815185295418,211.66975270956755,0.011761839501559734,22.969411054626107,0.010565589182078838,22.95884521584958,23.567303834483027,0.37342714983969927,23.19387633446604,0.009899938479065895,0.00989941880106926,2.598389983177185e-07,0.4223894542083144,0.42238891404122114,2.4959444999694824e-07,236.97991699632257,236.9799091760069,2.53971666097641e-06,237.4998136954382,237.49980708491057,2.2798776626586914e-06,0.011991741135716438,0.011991160921752453,2.60770320892334e-07,0.42383361514657736,0.4238328756764531,3.1944364309310913e-07
14,0.3622403796762228,3.203749656677246e-07,0.36223973985761404,0.011219530366361141,2.1979212760925293e-07,0.011219080537557602,0.36556310299783945,2.598389983177185e-07,0.36556263267993927,0.011158959940075874,2.4028122425079346e-07,0.011158510111272335,241.37642293889076,2.4028122425079346e-07,241.37642251886427,239.62713931500912,3.3993273973464966e-07,239.6271386751905,0.3279744405299425,0.011150280013680458,0.3168238000944257,0.05665007047355175,0.04654578119516373,0.010104048997163773,25.59751134365797,25.279152891598642,0.3183540925383568,25.307061165571213,25.293379954062402,0.013677711598575115,194.91179393325,0.008457956835627556,194.90333575569093,186.56253120210022,0.05040764436125755,186.5121232783422,0.3088982133194804,0.013042381033301353,0.2958555016666651,0.08983162883669138,0.08044049143791199,0.009390907362103462,47.95484151877463,47.66851334553212,0.2863237736746669,48.55109561700374,48.539202446118,0.011892220936715603,165.82103869784623,0.009615539573132992,165.81142290867865,179.3458846481517,0.08795131742954254,179.25793286040425,0.23416219744831324,0.013998973183333874,0.22016289457678795,0.1397676132619381,0.13052032515406609,0.009246977977454662,80.07376062683761,79.844323085621,0.22943265177309513,79.10962171759456,79.09730628598481,0.012311001308262348,140.266114464961,0.01018561888486147,140.2559286057949,133.87309393007308,0.13179260678589344,133.7413010634482,0.19409958086907864,0.012487300671637058,0.1816119896247983,0.19548995234072208,0.18662468437105417,0.008864917792379856,100.27749245334417,100.07101706136018,0.20647440198808908,99.91399945225567,99.90514133498073,0.008857186883687973,112.34646058734506,0.009463838301599026,112.33699657954276,131.1194942202419,0.1616577534005046,130.9578362274915,0.15857211034744978,0.009899528697133064,0.14867233112454414,0.2104250155389309,0.20182493887841702,0.008599546737968922,139.5336986547336,139.37494708411396,0.15874643996357918,141.1871869424358,141.17619099188596,0.010995130054652691,98.6409689122811,0.009728529490530491,98.63124013319612,105.60452783852816,0.19887018483132124,105.40565736312419,0.12620128225535154,0.010623729787766933,0.11557732243090868,0.2500062305480242,0.241651332937181,0.008354677818715572,164.59654213115573,164.4866024935618,0.1099344976246357,165.75618078745902,165.7476377300918,0.008542037568986416,68.75380049366504,0.010590068995952606,68.74321017507464,75.57354536373168,0.23464455641806126,75.33890046738088,0.093264932744205,0.013263361528515816,0.08000126108527184,0.2798708872869611,0.27199623081833124,0.007874316535890102,181.4271088493988,181.34714788850397,0.07995481137186289,178.8781626187265,178.8675743592903,0.010581299662590027,49.5233769537881,0.01059034001082182,49.51278637442738,50.321897991001606,0.2699435194954276,50.05195412226021,0.05467431899160147,0.013062871992588043,0.0416111471131444,0.31619429122656584,0.3080470534041524,0.00814690813422203,197.63859349209815,197.5942623829469,0.044324908405542374,199.69331434275955,199.68056798167527,0.012741941027343273,24.638899832963943,0.010709408670663834,24.628190154209733,26.38767713215202,0.3069703308865428,26.080706351436675,0.011495609767735004,0.01149510033428669,2.4028122425079346e-07,0.3755226628854871,0.37552217300981283,2.0954757928848267e-07,238.05943101737648,238.05942364688963,2.4298205971717834e-06,240.16591746918857,240.16591016948223,2.3096799850463867e-06,0.013939572498202324,0.013939041644334793,2.0023435354232788e-07,0.36069156136363745,0.36069102119654417,2.4028122425079346e-07
15,0.3505482617765665,3.296881914138794e-07,0.3505476424470544,0.010461258701980114,2.300366759300232e-07,0.010460798628628254,0.3645753040909767,2.1047890186309814e-07,0.3645748635753989,0.010516108945012093,1.8998980522155762e-07,0.010515718720853329,222.02251591719687,1.8067657947540283e-07,222.02251551672816,217.92833501193672,2.896413207054138e-07,217.92833442240953,0.3091830248013139,0.009778978303074837,0.2994037168100476,0.05808116029947996,0.04808279313147068,0.009998127818107605,26.935846799984574,26.634690701961517,0.3011551583185792,26.511728852055967,26.49856347963214,0.013159981928765774,186.53595000505447,0.008294006809592247,186.52765573840588,192.26785591151565,0.05276861600577831,192.2150870161131,0.2955965641885996,0.011582481674849987,0.2840138226747513,0.09887488838285208,0.08915187045931816,0.009722728282213211,57.31281148456037,57.054151482880116,0.2586556216701865,56.828662691637874,56.81594780087471,0.012708460912108421,161.3752139378339,0.00875099841505289,161.3664626898244,159.21380808856338,0.09264374244958162,159.1211639661342,0.2632250851020217,0.011724301613867283,0.251500504091382,0.1227589100599289,0.1118766600266099,0.010882019996643066,75.65801225788891,75.42692037206143,0.23107621632516384,75.10220414120704,75.0914374506101,0.010765760205686092,138.17258700728416,0.008853258565068245,138.16373351868242,147.3129170006141,0.11489904206246138,147.19801765866578,0.21628740336745977,0.009308458305895329,0.20697868522256613,0.18278349377214909,0.17301019467413425,0.009773049503564835,100.57877586316317,100.37277427874506,0.2060005348175764,99.86069461517036,99.85070724599063,0.00997241958975792,126.0954570043832,0.009257047437131405,126.08619971666485,119.56184577569366,0.17287316545844078,119.38897216040641,0.16211926564574242,0.011317480355501175,0.15080153476446867,0.21144542004913092,0.20323636289685965,0.008208796381950378,134.18220497015864,134.0036118887365,0.17858794145286083,132.7073438949883,132.69611665513366,0.011222009547054768,97.22665857896209,0.009089257568120956,97.21756908111274,101.01394527219236,0.20987604930996895,100.8040689425543,0.12287644017487764,0.01241644099354744,0.11045968905091286,0.25143502559512854,0.24267172813415527,0.008763037621974945,166.06964452192187,165.95028166286647,0.11935040913522243,167.04712165985256,167.0292331436649,0.017875266261398792,70.67011011764407,0.010586709715425968,70.65952314808965,68.41565845254809,0.26780510507524014,68.1478527970612,0.09104121383279562,0.010851900093257427,0.08018903341144323,0.28325231932103634,0.27521084249019623,0.008041086606681347,196.77697758097202,196.69850937929004,0.07846357207745314,192.1486582281068,192.13692854717374,0.011724840849637985,46.92828679457307,0.01058494858443737,46.917701575905085,44.87138389982283,0.30288222804665565,44.56850112229586,0.05863689444959164,0.012684032320976257,0.04595255199819803,0.33229458425194025,0.3246445972472429,0.00764966756105423,203.93147160857916,203.88680951762944,0.04465577099472284,203.55084475222975,203.54021556209773,0.01062403991818428,23.528378954157233,0.010654949583113194,23.517723754048347,24.038877783343196,0.32671992667019367,23.712157546542585,0.032067470252513885,0.031880480237305164,3.604218363761902e-07,0.35287151113152504,0.3528708117082715,2.998858690261841e-07,218.8858372978866,218.88582946825773,2.3795291781425476e-06,218.28082405868918,218.28081727866083,2.230517566204071e-06,0.012500312179327011,0.01249983161687851,2.4028122425079346e-07,0.3525473615154624,0.35254676081240177,3.1013041734695435e-07
16,0.38256614841520786,3.1013041734695435e-07,0.3825655383989215,0.009930419735610485,2.0023435354232788e-07,0.009929959662258625,0.3868550732731819,2.1047890186309814e-07,0.3868546234443784,0.009855888783931732,2.300366759300232e-07,0.009855449199676514,258.8709184387699,1.695007085800171e-07,258.87091805879027,512.0073872376233,0.00016622990369796753,512.007051197812,0.35356825683265924,0.007687978446483612,0.3458799785003066,0.05061703082174063,0.041159831918776035,0.009456958621740341,23.92546626366675,23.58236264809966,0.3431026851758361,23.941152160987258,23.931536741554737,0.009614599868655205,202.5879246033728,0.007687227800488472,202.5802371352911,203.28218944370747,0.04188584163784981,203.24030334223062,0.3132945355027914,0.023121092468500137,0.290173152461648,0.09683141857385635,0.08766459859907627,0.009166540578007698,51.50350371748209,51.23612550739199,0.267373189330101,50.51358943898231,50.50089526642114,0.012689823284745216,157.77015708759427,0.007829878479242325,157.76232697907835,166.05938884150237,0.09040905814617872,165.96897944342345,0.2526336954906583,0.010230610147118568,0.24240277521312237,0.12943854462355375,0.1205914169549942,0.008846867829561234,74.0703755216673,73.83113089948893,0.23923970200121403,73.49635609518737,73.48418556340039,0.012165521271526814,147.36673386301845,0.00801501702517271,147.35871860664338,164.26012215670198,0.1398201147094369,164.1203017020598,0.2389635806903243,0.011583510786294937,0.22737978026270866,0.18197999615222216,0.17235764674842358,0.009621988981962204,94.01219296921045,93.80708783026785,0.20509963855147362,93.92835613898933,93.91455687582493,0.01379531342536211,127.82240330055356,0.009213109500706196,127.81318990141153,124.34472531452775,0.16759325191378593,124.1771317627281,0.1788114495575428,0.012633330188691616,0.16617784928530455,0.23753830417990685,0.22837286908179522,0.009165095165371895,130.52496931608766,130.35314416792244,0.17182028852403164,129.04263013973832,129.02911887783557,0.013506262563169003,102.78724581003189,0.010605176910758018,102.77664040308446,96.21051372215152,0.24123520962893963,95.96927808225155,0.13493166770786047,0.010495076887309551,0.12443632073700428,0.26278810389339924,0.25429497100412846,0.008492792956531048,168.5830014795065,168.47040783707052,0.11259273253381252,170.26255575288087,170.2543596001342,0.008195232599973679,72.92619909346104,0.009059004485607147,72.91713985893875,80.71959206927568,0.2586524775251746,80.46093929186463,0.08243170473724604,0.00929447915405035,0.0731369648128748,0.317529134452343,0.309839797206223,0.0076891276985406876,164.78923625405878,164.69090967066586,0.09832192305475473,164.2747739618644,164.26279242895544,0.011977442540228367,46.98838119767606,0.009144010953605175,46.979236936196685,55.48782871570438,0.3090071249753237,55.17882121074945,0.054289352148771286,0.00955394096672535,0.044735150411725044,0.38510608300566673,0.37580755166709423,0.009298191405832767,198.41126381698996,198.35044596716762,0.06081288028508425,197.21843533590436,197.20678314287215,0.011647882871329784,25.08804589509964,0.009413651190698147,25.07863199338317,26.61557904072106,0.37499496061354876,26.240583759732544,0.0121314637362957,0.012130924500524998,2.598389983177185e-07,0.38192811887711287,0.3819275787100196,2.598389983177185e-07,231.0549348006025,231.0549286706373,2.239830791950226e-06,231.56196924950927,231.56196312978864,2.269633114337921e-06,0.03194474056363106,0.03194417059421539,2.4959444999694824e-07,0.38266412913799286,0.3826635191217065,2.1979212760925293e-07
17,0.38133919797837734,2.896413207054138e-07,0.38133858796209097,0.010141072794795036,1.993030309677124e-07,0.010140663012862206,0.38738485518842936,1.8998980522155762e-07,0.3873844351619482,0.010338152758777142,2.505257725715637e-07,0.010337692685425282,230.362726630643,2.4028122425079346e-07,230.3627261808142,230.80795140005648,5.206093192100525e-07,230.80795056931674,0.33419335819780827,0.010119923390448093,0.3240731246769428,0.05682138167321682,0.046349658630788326,0.010471482761204243,26.137370815500617,25.820965041406453,0.3164051342755556,25.83232622500509,25.82169738225639,0.010627983137965202,209.79615986160934,0.00802973099052906,209.78812990058213,209.32091719470918,0.0484589422121644,209.27245800290257,0.2816976197063923,0.009698581881821156,0.2719987379387021,0.0920298881828785,0.08231049496680498,0.009719123132526875,51.69279178511351,51.429897039197385,0.26289393566548824,50.9513288969174,50.940561743453145,0.010763083584606647,178.74527002125978,0.00837608054280281,178.7368936603889,171.7154511893168,0.08521064929664135,171.63024026993662,0.23805937450379133,0.009122070856392384,0.22893697302788496,0.1365338247269392,0.12742284312844276,0.009110761806368828,119.28337171766907,119.06913850363344,0.21422841399908066,82.9295192733407,82.91679048724473,0.012723316438496113,152.1094388589263,0.012615186162292957,152.09682338312268,152.0300318263471,0.13425475172698498,151.89577668439597,0.20351202972233295,0.00922356080263853,0.19428819883614779,0.1822684733197093,0.17358827218413353,0.008679951541125774,108.63211734592915,108.43597819469869,0.19613830093294382,107.99031129106879,107.98143109958619,0.008879301138222218,118.71889369562268,0.009164121933281422,118.70972929429263,119.2184041524306,0.1711123688146472,119.04729147348553,0.15882517118006945,0.013561544939875603,0.1452633561566472,0.23101330921053886,0.2220669286325574,0.008946049958467484,123.59458957053721,123.43672955874354,0.15785910189151764,125.47656097263098,125.46812304388732,0.00843706913292408,87.11233507655561,0.01000561099499464,87.10232919547707,96.78166117984802,0.2136120405048132,96.56804887019098,0.1397640611976385,0.011352602392435074,0.1284111589193344,0.27268264442682266,0.2646946460008621,0.00798774790018797,145.60548142250627,145.4844685420394,0.12101211119443178,145.66660382878035,145.65854207985103,0.008060818538069725,70.87030743341893,0.00939663965255022,70.86091053392738,67.84937825147063,0.26564506720751524,67.5837328247726,0.0803964976221323,0.00996647123247385,0.07042974606156349,0.3517457200214267,0.3440075218677521,0.0077379681169986725,174.72106128931046,174.6284542987123,0.09260221011936665,173.7307186787948,173.7199064278975,0.010811281390488148,42.78429238963872,0.009982841089367867,42.77430932875723,46.35680864844471,0.34485571179538965,46.011952666565776,0.05089810490608215,0.010836161673069,0.04006164334714413,0.35018932819366455,0.3427115501835942,0.007477547973394394,202.91608769167215,202.876965158619,0.039121572859585285,200.6554011097178,200.64452957734466,0.010867051780223846,21.475006624124944,0.010914771817624569,21.464091622270644,23.58682603482157,0.34372407104820013,23.24310162384063,0.010311620309948921,0.010311070829629898,2.7939677238464355e-07,0.39270533341914415,0.39270427357405424,8.00006091594696e-07,240.9833995467052,240.98339582700282,2.7995556592941284e-06,240.86189541593194,240.8618876952678,2.960674464702606e-06,0.011897392570972443,0.011896832846105099,2.7939677238464355e-07,0.3899869406595826,0.38998623099178076,2.300366759300232e-07
18,0.38716542813926935,3.203749656677246e-07,0.38716476783156395,0.010801561176776886,2.1979212760925293e-07,0.010801111347973347,0.3894013809040189,2.300366759300232e-07,0.3894009115174413,0.010844241827726364,2.300366759300232e-07,0.010843811556696892,227.65061734616756,2.691522240638733e-07,227.650616876781,226.5564628727734,4.6938657760620117e-07,226.5564620634541,0.360984917730093,0.008303368464112282,0.3526812484487891,0.055502600967884064,0.04535609018057585,0.010146240703761578,25.09824880026281,24.76064483821392,0.33760314155369997,24.79425119701773,24.784154266119003,0.010096050798892975,198.38987201079726,0.008294668979942799,198.38157709222287,200.20200076978654,0.045953450724482536,200.15604701917619,0.32453192863613367,0.0114297429099679,0.3131019454449415,0.09047351032495499,0.08083864953368902,0.009634611196815968,49.11350439861417,48.80622351076454,0.30728005804121494,49.13925922755152,49.12947238702327,0.00978615041822195,177.66728730499744,0.008691188879311085,177.65859585627913,171.99546409584582,0.08251723181456327,171.91294659487903,0.3009258806705475,0.019847741350531578,0.2810778496786952,0.1308214943856001,0.12196501437574625,0.008856270462274551,71.46449952479452,71.20396339707077,0.2605352271348238,72.10184175521135,72.09286385495216,0.008976990357041359,150.41929204948246,0.009362610056996346,150.4099291888997,151.34313121344894,0.12479520682245493,151.21833571698517,0.2171074878424406,0.010181190446019173,0.2069260273128748,0.17044498678296804,0.16186241805553436,0.008582319132983685,94.45899694319814,94.25434129871428,0.20465102512389421,94.87083473615348,94.85921233333647,0.011617572978138924,129.1402198150754,0.0099827004596591,129.1302368948236,126.61144139524549,0.16202732734382153,126.44941382762045,0.19701661635190248,0.010060600936412811,0.18695579562336206,0.20612016692757607,0.1979928882792592,0.008126919157803059,132.41645687259734,132.27109041251242,0.1453652298077941,128.28957296535373,128.2718867054209,0.017681699246168137,90.85584163945168,0.009979781694710255,90.84586163796484,100.1732949288562,0.19867601804435253,99.97461860068142,0.14495103899389505,0.010478251613676548,0.13447254709899426,0.25078466534614563,0.24298690725117922,0.007797498255968094,149.98672750312835,149.87292421981692,0.11380216386169195,150.3050015028566,150.2970966938883,0.00790384877473116,73.95510284230113,0.01044459082186222,73.94465805124491,69.85826884023845,0.2410169243812561,69.617251586169,0.0970731358975172,0.012563332915306091,0.08450952358543873,0.28258053958415985,0.27411344088613987,0.008466868661344051,165.90596875268966,165.81881289649755,0.08715126570314169,167.5104152066633,167.50260136835277,0.007812857627868652,48.23819905240089,0.010219721123576164,48.22797911148518,50.88058798760176,0.2779898839071393,50.60259788297117,0.05288554821163416,0.011017653159797192,0.04186763521283865,0.35939166229218245,0.3517930945381522,0.007598278112709522,198.1412293445319,198.08678423427045,0.05444051045924425,200.17113548796624,200.1510683754459,0.02006608247756958,23.981004496105015,0.01098635233938694,23.970017904415727,24.589210619218647,0.354180826805532,24.235029462724924,0.010844761505723,0.010844241827726364,2.4959444999694824e-07,0.3949880311265588,0.39498728048056364,3.203749656677246e-07,226.29255928006023,226.29254742059857,2.7995556592941284e-06,223.01871325820684,223.01870985887945,2.5993213057518005e-06,0.02785648964345455,0.0278558898717165,2.598389983177185e-07,0.3987552151083946,0.39875459484755993,3.1013041734695435e-07
19,0.36244679521769285,3.296881914138794e-07,0.36244614515453577,0.010666691698133945,1.993030309677124e-07,0.010666241869330406,0.36639557033777237,2.207234501838684e-07,0.3663951503112912,0.010882781818509102,2.1979212760925293e-07,0.01088236179202795,235.40715178567916,1.8998980522155762e-07,235.40715135540813,237.3567760316655,4.898756742477417e-07,237.3567753015086,0.3012636788189411,0.00837881863117218,0.2928846003487706,0.06015041656792164,0.04992475546896458,0.010225421749055386,25.06967095285654,24.75323411822319,0.316435924731195,24.71023064199835,24.700016350485384,0.01021353155374527,202.661322475411,0.008314799517393112,202.65300742629915,203.72911643143743,0.04889398440718651,203.6802221769467,0.2596544735133648,0.010217580944299698,0.24943664204329252,0.08993648830801249,0.08012521732598543,0.009811031632125378,52.97652861569077,52.66342495661229,0.3130993591621518,53.13302581012249,53.123146089725196,0.009878850542008877,177.88865869212896,0.008304689079523087,177.88035377301276,162.50790959782898,0.08204405661672354,162.4258652916178,0.2490331819280982,0.008596968837082386,0.24043594300746918,0.1302395174279809,0.12031370680779219,0.009925540536642075,78.03868685569614,77.7929937466979,0.24568849802017212,78.2713986299932,78.25974139664322,0.011656343005597591,147.95536585431546,0.008420838974416256,147.94694478530437,140.2498209150508,0.11771908309310675,140.13210156187415,0.21632851660251617,0.00886605866253376,0.2074621682986617,0.16566879395395517,0.15609684400260448,0.009571700356900692,96.49933271575719,96.31286206003278,0.1864697653800249,95.26959605049342,95.25646159332246,0.013130237348377705,123.63503624778241,0.008747964166104794,123.62628805357963,124.32986364513636,0.1580001087859273,124.17186320573092,0.16956006549298763,0.009725845418870449,0.1598339704796672,0.20760892424732447,0.19924703985452652,0.00836156401783228,127.57458113599569,127.41642578691244,0.15815441869199276,126.45005751401186,126.44169049989432,0.008366084657609463,100.51446183025837,0.009716005064547062,100.50474563520402,100.55201082956046,0.19655053783208132,100.3554598717019,0.14715115260332823,0.021153239533305168,0.1259976625442505,0.2805428300052881,0.2724026460200548,0.00813992414623499,156.55961612053216,156.44742630515248,0.11218896601349115,157.66291957348585,157.6548387762159,0.008079997263848782,79.15522362757474,0.010126429609954357,79.14509694837034,70.26246573124081,0.27650784235447645,69.98595762904733,0.0899690454825759,0.011958100832998753,0.07801070436835289,0.29568223003298044,0.28818278294056654,0.0074991872534155846,179.80261173658073,179.717188376002,0.08541400078684092,180.4998783254996,180.4900567466393,0.009820188395678997,45.51511248294264,0.011584250256419182,45.50352801196277,45.81216963380575,0.280757456086576,45.5314119476825,0.05541270226240158,0.011046189814805984,0.04436629265546799,0.3525568824261427,0.3451030757278204,0.007453487254679203,200.51862022280693,200.47123367805034,0.04738215450197458,199.38428208138794,199.35299788229167,0.031283278949558735,25.179838933050632,0.011028829962015152,25.168809862807393,23.63629487901926,0.3407658822834492,23.295528686605394,0.01090347021818161,0.010902890004217625,3.203749656677246e-07,0.3718739999458194,0.371873339638114,2.896413207054138e-07,234.86874447204173,234.8687410922721,2.50060111284256e-06,231.77382333669811,231.77381631638855,2.4298205971717834e-06,0.01266517210751772,0.012664621695876122,2.598389983177185e-07,0.36478627379983664,0.3647856842726469,2.896413207054138e-07
